code,name,roe,net_profit,np_margin,gp_margin
sz.001309,sz.001309,67.649,33.4618543762,44.3888,57.4202
sz.300492,sz.300492,62.2573,1.2131419837000001,14.486099999999999,61.0676
sz.301666,sz.301666,60.7094,3.697400905,28.230499999999996,37.556400000000004
sh.688266,sh.688266,45.2917,6.326125725,69.8717,97.0137
sh.688525,sh.688525,41.5554,28.771415502399996,42.2224,53.304899999999996
sh.600185,sh.600185,40.6617,1.7681209097,25.1174,46.7926
sz.301308,sz.301308,38.548,39.793653336,40.1602,55.52740000000001
sz.300972,sz.300972,35.991299999999995,9.6775770865,5.8178,12.8689
sz.300723,sz.300723,35.9677,5.926152407999999,153.739,66.0772
sz.300475,sz.300475,31.476300000000002,13.4338653577,5.652900000000001,9.1217
sz.002640,sz.002640,28.640300000000003,1.5741392840000001,12.2019,10.5708
sh.600221,sh.600221,28.2383,17.12641,9.2709,11.8656
sh.600132,sh.600132,27.310499999999998,8.7248334381,20.0575,49.6585
sz.002582,sz.002582,24.402099999999997,11.1143911257,219.9802,36.198
sz.000506,sz.000506,23.6036,1.9686186502,110.05279999999999,56.0535
sh.688221,sh.688221,22.909499999999998,2.2739375418,76.5296,94.0063
sh.600961,sh.600961,21.6451,11.4577942354,16.3507,24.0894
sz.000430,sz.000430,19.5181,3.059653724,457.6494,10.0979
sz.300199,sz.300199,18.8585,1.2739482309999999,42.586200000000005,64.8952
sz.002842,sz.002842,18.7869,2.5051173078,21.8202,31.020599999999998
sh.603626,sh.603626,18.4742,3.8546851398000004,61.64150000000001,11.4064
sz.300308,sz.300308,17.549500000000002,63.16792027020001,32.3998,46.0581
sz.002215,sz.002215,16.645699999999998,7.5038109723,28.525,42.6908
sh.688111,sh.688111,15.6892,21.9516393716,136.07309999999998,86.5937
sz.300857,sz.300857,15.661,7.4739006074,12.2835,22.5273
sh.603045,sh.603045,15.5804,1.8073759612,9.3054,16.358600000000003
sz.002378,sz.002378,15.0816,3.8098431463,14.4829,26.869
sz.300502,sz.300502,14.5175,27.7419626334,33.2721,49.161
sz.002893,sz.002893,14.4649,1.9275757085,26.234600000000004,37.4261
sz.300444,sz.300444,14.359,2.8077862892,50.576,14.768899999999999
sh.601933,sh.601933,14.3455,2.8492055989,2.1316,22.772100000000002
sz.002379,sz.002379,13.8129,67.5643885704,16.5062,24.030199999999997
sz.001337,sz.001337,13.5072,2.6550217741,55.2245,69.54050000000001
sh.600726,sh.600726,13.215,8.826491947100001,17.6337,27.5738
sz.000426,sz.000426,13.1693,13.765913703599999,64.6327,69.0663
sz.300773,sz.300773,13.000700000000002,5.9022883398,36.5749,24.151600000000002
sh.603629,sh.603629,12.9465,2.7305833367,27.376,46.2298
sh.600809,sh.600809,12.7163,54.04494317939999,36.2153,75.0468
sz.000688,sz.000688,12.6095,5.2095432174,30.712699999999998,49.9037
sh.688257,sh.688257,12.4062,3.2646043175,29.2077,47.0561
sh.688808,sh.688808,12.3642,1.1872269736,24.3424,66.7567
sz.002653,sz.002653,12.1435,5.545949498200001,35.4604,81.3965
sz.002027,sz.002027,12.052999999999999,17.844108551199998,61.211400000000005,68.74080000000001
sh.603268,sh.603268,10.936,10.9346305614,12.302200000000001,21.4855
sh.600396,sh.600396,10.8675,2.2126179056999997,15.7188,29.3744
sh.605117,sh.605117,10.8612,11.870456407,26.6187,41.4468
sz.002847,sz.002847,10.7253,2.3077120763,14.5814,31.8189
sz.000807,sz.000807,10.6372,41.4564939205,25.3043,31.5743
sz.301696,sz.301696,10.6237,1.3126282631,39.2685,58.597100000000005
sh.600519,sh.600519,10.5687,281.5383148989,52.2245,89.75919999999999
sh.601069,sh.601069,10.462100000000001,5.224880337,6.464,9.7119
sh.601899,sh.601899,10.4049,251.65728674,25.5496,36.3258
sh.603929,sh.603929,10.2673,2.4745878538,21.8905,25.028499999999998
sz.300511,sz.300511,10.198500000000001,1.7565146336000002,25.872099999999996,33.6329
sz.300975,sz.300975,10.1019,2.6366774518000002,6.9507,16.487
sz.300573,sz.300573,9.9163,2.0641427449000003,30.2068,82.0522
sh.688766,sh.688766,9.824,3.7254955086000003,25.7503,44.6832
sz.003006,sz.003006,9.5554,1.43699967,13.617299999999998,58.5152
sh.600887,sh.600887,9.444099999999999,54.392377699099995,15.656400000000001,38.3747
sz.001210,sz.001210,9.425,1.3604342880000002,21.509600000000002,30.3265
sz.301377,sz.301377,9.3902,2.6019314567,31.9602,53.254400000000004
sz.000408,sz.000408,9.2881,15.692680136099998,219.2844,64.2311
sh.688059,sh.688059,9.253,1.7511282722,41.881099999999996,57.269400000000005
sz.000973,sz.000973,9.222800000000001,5.5203149778,41.3757,27.794999999999998
sh.603993,sh.603993,9.0447,88.2357673121,13.2879,22.8849
sz.000657,sz.000657,9.0278,9.9029597932,14.133299999999998,30.450300000000002
sh.603444,sh.603444,8.9882,6.1651060087000005,33.3727,93.7666
sz.002709,sz.002709,8.9589,16.473195371400003,24.6846,38.6535
sz.000975,sz.000975,8.9473,15.442498763,26.006,40.6678
sz.000933,sz.000933,8.8986,28.7480624008,23.1679,33.4845
sz.300783,sz.300783,8.8401,2.7018695862,7.0451,27.3267
sh.688331,sh.688331,8.7036,3.2800710492,49.9847,82.1771
sz.000737,sz.000737,8.6465,6.1497106313,6.1229,12.506
sh.688578,sh.688578,8.5795,6.360422484500001,40.1599,94.9117
sh.603399,sh.603399,8.573,1.4548313564,6.9879,16.8648
sz.300394,sz.300394,8.5709,4.9226982158,37.005300000000005,56.603899999999996
sh.603156,sh.603156,8.5341,8.0769873195,31.5869,44.7682
sh.603066,sh.603066,8.512400000000001,1.2477553341,40.9744,23.419999999999998
sz.301358,sz.301358,8.4964,13.5946312028,9.084,16.1572
sz.000981,sz.000981,8.4191,2.5131114943,35.5005,17.0603
sh.605499,sh.605499,8.4144,12.568912106900001,21.3458,46.8897
sh.603025,sh.603025,8.3667,2.542478266,30.3343,47.5992
sz.002668,sz.002668,8.2968,5.6105944215,11.4828,25.1955
sh.601168,sh.601168,8.260399999999999,25.45231648,13.5937,22.6008
sh.688072,sh.688072,8.2355,5.622767227100001,50.5448,41.6891
sh.688256,sh.688256,8.2017,10.1312501286,35.1207,54.3304
sh.605599,sh.605599,8.1869,4.056862645,2.8424,7.1305
sz.300390,sz.300390,8.1785,11.112539361700001,34.725,46.9945
sz.301500,sz.301500,8.140600000000001,3.9405698802999996,8.669599999999999,15.259900000000002
sh.600744,sh.600744,8.0669,1.5026376478999999,6.5196000000000005,14.7597
sh.603369,sh.603369,8.0262,13.84928951,32.040800000000004,74.4003
sz.002291,sz.002291,7.9468,2.2589402055,35.7987,11.0334
sz.002463,sz.002463,7.786700000000001,12.41439745,19.977600000000002,35.6324
sh.600211,sh.600211,7.760300000000001,2.8283346894999997,39.089800000000004,92.8995
sz.000703,sz.000703,7.7458,28.177248074,9.4087,12.8838
sz.002032,sz.002032,7.7293,5.0542474924,8.592600000000001,25.067099999999996
sz.002517,sz.002517,7.7069,8.2284590481,37.044700000000006,80.7497
sh.688617,sh.688617,7.575,2.2576204692,32.0649,72.4263
sz.300476,sz.300476,7.5741000000000005,12.8842759246,23.3433,34.4585
sh.603198,sh.603198,7.550999999999999,8.374756104600001,37.5582,75.5959
sh.688275,sh.688275,7.545599999999999,4.2154503869,7.8353,14.3489
sh.600489,sh.600489,7.542400000000001,28.6554133183,12.6864,20.465600000000002
sz.002192,sz.002192,7.5066999999999995,2.7679466258999996,73.57780000000001,74.3523
sh.688183,sh.688183,7.4894,4.4471818546,18.448700000000002,35.2055
sh.688308,sh.688308,7.468,2.0258912405,31.4554,44.5141
sh.600251,sh.600251,7.4601,2.9737837452999996,46.863899999999994,9.5292
sh.600186,sh.600186,7.4533000000000005,1.4615558372,14.379,31.433699999999998
sh.688498,sh.688498,7.388999999999999,1.7944196861000001,50.507400000000004,77.80789999999999
sz.000568,sz.000568,7.316000000000001,37.3006454455,46.4795,85.8178
sz.301292,sz.301292,7.3034,2.1645005324,14.3436,21.6223
sh.603906,sh.603906,7.298399999999999,2.8637364719,8.189499999999999,19.7777
sz.002532,sz.002532,7.288,22.1190720982,26.193699999999996,35.605199999999996
sh.600989,sh.600989,7.284400000000001,36.606746432,27.6553,37.4043
sh.688313,sh.688313,7.244299999999999,1.1617590284000001,20.1487,34.1319
sh.603893,sh.603893,7.233199999999999,3.2919465846,27.308799999999998,43.042
sz.000567,sz.000567,7.219399999999999,4.214669062,77.0979,99.405
sz.300604,sz.300604,7.1747000000000005,3.5909846914999997,26.0505,56.8083
sh.603699,sh.603699,7.1618,3.4532426536000003,19.046499999999998,39.1646
sh.600988,sh.600988,7.1342,11.554709723499998,32.508900000000004,59.270100000000006
sh.601600,sh.601600,7.1057999999999995,100.58515,17.1958,25.8276
sz.301031,sz.301031,7.0836,1.1307433005,17.9039,35.8881
sh.601038,sh.601038,7.0829,5.6768373075,12.1578,16.542
sz.002155,sz.002155,7.077700000000001,6.059829634700001,3.2182000000000004,5.2384
sz.001389,sz.001389,7.018199999999999,3.9255347097000004,20.509900000000002,36.9328
sz.002170,sz.002170,7.0074,2.7373616524,20.6193,38.222899999999996
sh.600598,sh.600598,7.005400000000001,5.7861990538,55.271499999999996,64.2689
sh.600285,sh.600285,6.988700000000001,2.4744191098,21.973799999999997,78.1878
sz.002801,sz.002801,6.984,1.3814106358000002,39.7889,25.1014
sz.300863,sz.300863,6.9802,1.0060583543000001,9.9702,10.0308
sz.002832,sz.002832,6.957199999999999,3.8621293927,25.3718,75.2717
sh.600750,sh.600750,6.9084,3.1195171385000005,30.1063,68.1267
sz.000848,sz.000848,6.8995,2.4843734738,21.807299999999998,49.3245
sh.600816,sh.600816,6.8988,10.1778155982,2447.4189,0.0
sh.688002,sh.688002,6.8591,4.6118555816,23.7131,53.4041
sz.000612,sz.000612,6.857,5.107391307,29.074499999999997,36.437000000000005
sz.301536,sz.301536,6.816800000000001,2.2123855159,22.2622,46.0536
sz.002558,sz.002558,6.8145,11.659281062,50.071799999999996,95.3777
sz.300628,sz.300628,6.7917000000000005,6.5579605424,45.7947,65.2371
sz.301606,sz.301606,6.788900000000001,2.3763473926,8.492700000000001,39.257799999999996
sz.002345,sz.002345,6.7694,2.6465851813,10.5936,26.917099999999998
sz.000792,sz.000792,6.751899999999999,34.8972027123,54.25600000000001,68.7225
sh.603233,sh.603233,6.7083,5.435724499500001,7.795100000000001,36.045
sz.002818,sz.002818,6.6987000000000005,6.9064005795000005,267.5088,63.805800000000005
sh.600183,sh.600183,6.6845,13.3230757573,16.3645,28.101300000000002
sh.603986,sh.603986,6.5999,14.7251525726,35.1597,57.0767
sh.605138,sh.605138,6.568499999999999,1.7028312038,18.834999999999997,17.6809
sh.600354,sh.600354,6.518699999999999,1.5570252851,24.9191,43.9645
sz.000858,sz.000858,6.5041,83.2378036873,36.447,81.4344
sz.300970,sz.300970,6.499099999999999,1.1927171509,28.7926,32.1329
sh.688155,sh.688155,6.447500000000001,1.9297854019999998,18.6784,30.304
sz.002602,sz.002602,6.4398,20.4885735844,18.6083,72.0479
sz.300548,sz.300548,6.415,2.1352269564,31.8403,49.221900000000005
sz.000681,sz.000681,6.4142,2.4041157029,129.72889999999998,42.3697
sh.603256,sh.603256,6.3432,1.4023075090000001,31.719199999999997,55.6546
sz.300458,sz.300458,6.3107,2.0303042889,22.263099999999998,40.2106
sz.000596,sz.000596,6.279999999999999,16.5730648957,22.258300000000002,77.8457
sh.601872,sh.601872,6.2757,27.7830146277,32.4719,41.7937
sh.603708,sh.603708,6.2661,1.5171822085,3.0049,24.0312
sz.002493,sz.002493,6.2581,50.1176116032,8.2662,19.6935
sh.600549,sh.600549,6.2352,16.8214346529,10.6849,21.003800000000002
sz.002555,sz.002555,6.2311,8.7097528541,23.4109,77.8771
sh.603132,sh.603132,6.1949,2.0492757845,38.797599999999996,70.38069999999999
sh.605099,sh.605099,6.1852,2.007381391,21.9631,34.6101
sh.601138,sh.601138,6.1777999999999995,105.96519,4.2204,7.3505
sz.300529,sz.300529,6.1497,2.2064773637,39.3576,77.2502
sz.300953,sz.300953,6.1405,2.8148768876999997,9.481100000000001,15.8136
sz.002648,sz.002648,6.1356,21.169888633499998,16.6996,24.3379
sh.603195,sh.603195,6.1146,10.5961719702,26.0975,42.7398
sz.002956,sz.002956,6.0921,1.0195935186,12.3757,44.0786
sh.603588,sh.603588,6.0592,7.2248991435,14.4721,24.266
sh.603379,sh.603379,6.0518,4.9966749505,35.7418,53.42360000000001
sz.300181,sz.300181,6.0442,2.0201162175,22.5008,63.834599999999995
sh.600790,sh.600790,6.031899999999999,3.4868052877999998,157.1384,27.8066
sz.002297,sz.002297,6.0318,1.3567498063999999,35.6888,48.74
sh.600711,sh.600711,6.0089,11.5408373903,12.3374,24.451999999999998
sz.301216,sz.301216,5.9784999999999995,3.8063441816,8.8119,8.5653
sz.300750,sz.300750,5.9731,227.37254,17.6079,24.8156
sh.605016,sh.605016,5.9644,1.2058581873999998,30.7139,45.1081
sz.300760,sz.300760,5.9579,24.26538126,29.0533,61.870099999999994
sh.603919,sh.603919,5.8733,1.9890299966,18.212600000000002,62.8957
sz.000895,sz.000895,5.869,13.057993053199999,8.9754,19.7026
sh.603288,sh.603288,5.8636,24.4307102742,27.058100000000003,41.9955
sz.300438,sz.300438,5.8503,3.304411637,6.9296999999999995,19.5855
sh.603605,sh.603605,5.8449,3.8364784795999998,16.6417,74.5251
sz.002759,sz.002759,5.8246,2.6417040431,26.6826,41.6555
sh.601061,sh.601061,5.7998,13.7651897545,3.1867,2.3167
sh.600329,sh.600329,5.7968,4.230684555,27.921499999999998,77.70660000000001
sz.001257,sz.001257,5.7838,3.8415925937999997,28.7456,50.9764
sz.000921,sz.000921,5.7533,15.5761489076,6.7546,21.5975
sh.603706,sh.603706,5.727200000000001,1.2157895131999998,25.0832,31.9351
sh.688127,sh.688127,5.7269,1.2981722923,28.7607,46.5074
sh.600600,sh.600600,5.7054,18.32646612,17.8184,42.742999999999995
sh.600346,sh.600346,5.6884,39.094517952,7.947500000000001,13.9764
sh.603259,sh.603259,5.6749,46.7051398133,37.5571,50.4026
sz.002216,sz.002216,5.6419999999999995,2.6919984660000003,10.9751,25.5377
sh.600096,sh.600096,5.6276,15.0246258167,12.5406,19.5567
sh.688503,sh.688503,5.6154,2.892183691,5.151,10.5837
sz.000988,sz.000988,5.614199999999999,6.4409303625,15.0988,19.8116
sh.688629,sh.688629,5.6079,1.0362407809,16.3645,30.341099999999997
sh.600160,sh.600160,5.5796,13.009317476700001,21.618100000000002,34.3878
sh.603026,sh.603026,5.571000000000001,3.0317371045,13.592299999999998,23.3717
sz.000333,sz.000333,5.5648,128.59511,9.809,25.5711
sh.601336,sh.601336,5.5304,65.02,29.3769,0.0
sz.301219,sz.301219,5.5181000000000004,5.2579072319,20.5501,34.602500000000006
sh.603868,sh.603868,5.5125,1.8857909103000001,18.858,59.195100000000004
sh.603129,sh.603129,5.4517999999999995,4.2680375949,7.964599999999999,28.7028
sz.002267,sz.002267,5.444800000000001,3.8293706933,12.1175,17.228099999999998
sz.002636,sz.002636,5.4355,2.0158230685,16.0015,26.4391
sh.603317,sh.603317,5.3796,2.6269456379,23.2376,45.0308
sz.002001,sz.002001,5.3791,18.3572372579,29.1632,42.881
sh.601126,sh.601126,5.3782000000000005,2.7081246479,12.5489,31.4515
sh.601021,sh.601021,5.3408,9.82830048,16.1918,20.051
sz.000833,sz.000833,5.3294,2.1491477616999997,21.9941,35.4234
sh.603871,sh.603871,5.3248,3.2717223904000003,16.9296,21.5108
sz.000680,sz.000680,5.3062,3.3649800624,8.488,20.9979
sh.603979,sh.603979,5.2814,6.0067731835,17.5957,36.0703
sz.002961,sz.002961,5.2507,2.0448741223,51.3248,0.0
sz.300015,sz.300015,5.244800000000001,13.1467625676,20.5531,47.7331
sh.688519,sh.688519,5.2116999999999996,1.5013266311000002,8.1943,15.196499999999999
sz.002645,sz.002645,5.209,2.3823080068,9.4821,16.21
sz.002270,sz.002270,5.2055,1.6396667585,30.921300000000002,53.2465
sz.000938,sz.000938,5.2052000000000005,9.606964548099999,3.4329,12.8829
sh.603459,sh.603459,5.2027,1.2379539704,12.9943,25.1785
sz.300769,sz.300769,5.191,3.0040285488,6.9273,13.5859
sz.002701,sz.002701,5.1791,6.95372205,9.648900000000001,14.466499999999998
sh.688615,sh.688615,5.1627,1.5467899282,30.707,87.5828
sz.002448,sz.002448,5.151,2.1429381846,17.9842,26.7637
sz.002128,sz.002128,5.1374,26.0837141373,31.0031,46.5209
sz.002487,sz.002487,5.1174,4.3463800075,22.792299999999997,39.1904
sh.688019,sh.688019,5.115200000000001,2.0767232111,28.686899999999998,55.4642
sz.002304,sz.002304,5.0949,24.435556318299998,29.8514,75.4162
sh.688188,sh.688188,5.079199999999999,3.1946023585,58.2876,74.5146
sz.002414,sz.002414,5.0649,3.6590153075,29.3674,62.57
sh.603799,sh.603799,5.055,31.52190011,12.216000000000001,20.6858
sh.600398,sh.600398,5.0519,9.194531157,13.803199999999999,45.3234
sz.002384,sz.002384,5.0337,11.2415299138,8.556700000000001,19.3275
sh.688008,sh.688008,5.0186,8.2972536022,56.802600000000005,69.7882
sh.600436,sh.600436,4.9979000000000005,7.4014364795,26.9999,42.1821
sz.002154,sz.002154,4.9794,2.3756909632,16.5021,65.5547
sz.002763,sz.002763,4.9726,1.0560383725,13.902999999999999,69.41040000000001
sz.000538,sz.000538,4.960500000000001,20.3058120488,17.5011,30.633100000000002
sh.603565,sh.603565,4.9209000000000005,5.2677869024,20.4294,33.4725
sh.688208,sh.688208,4.9171,1.8338438540000002,14.1152,56.1661
sz.301015,sz.301015,4.9067,1.5545834218999999,8.7149,39.4791
sh.603766,sh.603766,4.9004,4.7619236621,10.5298,19.459799999999998
sh.603337,sh.603337,4.8966,2.6191759816999998,12.9449,32.4079
sh.600105,sh.600105,4.8904000000000005,1.4748776219,11.84,26.1967
sz.002266,sz.002266,4.880199999999999,6.1782108962,9.9931,18.4599
sz.002833,sz.002833,4.8777,1.4674784583000002,18.7687,33.781299999999995
sh.600601,sh.600601,4.875100000000001,2.3163323609,14.813399999999998,30.5165
sh.603049,sh.603049,4.8427999999999995,12.1962122326,10.8985,23.0331
sh.601233,sh.601233,4.832,19.044304228399998,8.152,9.0935
sz.002916,sz.002916,4.8254,8.5129185645,12.906999999999998,29.169
sz.300274,sz.300274,4.81,22.4593374173,14.433399999999999,33.2629
sh.601058,sh.601058,4.798299999999999,10.742165811500001,11.3544,26.8622
sh.603031,sh.603031,4.7791,3.1701023211000003,23.8259,52.31099999999999
sh.600259,sh.600259,4.778700000000001,1.6462811388999998,10.7254,7.224600000000001
sh.600938,sh.600938,4.7741,391.84,33.7563,51.1738
sz.002946,sz.002946,4.7698,1.9137935786000002,6.732,29.966900000000003
sz.002947,sz.002947,4.7686,1.5158118518,21.232300000000002,34.7468
sz.301345,sz.301345,4.7654000000000005,1.7630347369,16.6484,40.902
sz.300832,sz.300832,4.7445,4.41991297,39.1633,73.4794
sh.600993,sh.600993,4.7389,2.1928198105,21.6604,48.2022
sz.000999,sz.000999,4.7376000000000005,12.0942239251,14.8763,57.6796
sz.001339,sz.001339,4.7288,1.9912366759,15.2813,31.021900000000002
sz.300054,sz.300054,4.6983999999999995,2.6087420613,25.5733,54.947100000000006
sh.600595,sh.600595,4.6874,7.7237682957,11.6329,20.4768
sz.300206,sz.300206,4.6798,1.0621602286,20.5731,58.4325
sh.688796,sh.688796,4.6687,1.0403442945,24.0233,78.8794
sh.601958,sh.601958,4.6599,9.9904768107,24.0288,38.3152
sh.688278,sh.688278,4.6468,1.6449447521,20.6187,89.4539
sh.600332,sh.600332,4.6122000000000005,18.2377525095,7.8349,20.3114
sh.600026,sh.600026,4.5938,22.954258566799997,31.429499999999997,42.6583
sh.603162,sh.603162,4.5920000000000005,2.1039637693,15.6621,19.868199999999998
sh.688630,sh.688630,4.5859,1.083926417,21.0585,40.944199999999995
sh.603816,sh.603816,4.5797,5.0417101397,10.017800000000001,33.5937
sz.002810,sz.002810,4.569999999999999,1.0529067623000001,17.647199999999998,32.321600000000004
sh.600499,sh.600499,4.5568,9.040407,19.1266,34.3742
sz.300577,sz.300577,4.5549,1.0423416874,8.2904,24.2463
sz.000600,sz.000600,4.5525,8.3724975251,13.3651,22.9765
sz.002772,sz.002772,4.5438,1.6333532365,27.133200000000002,39.3489
sh.600167,sh.600167,4.5411,5.394578406900001,34.063900000000004,46.274300000000004
sh.600389,sh.600389,4.4670000000000005,1.8552540844,9.5408,16.5259
sh.600872,sh.600872,4.4656,2.6400608464,19.9933,42.423899999999996
sh.600660,sh.600660,4.4631,17.12519932,16.445899999999998,37.3791
sz.001221,sz.001221,4.462,1.2852862583,18.2406,36.227199999999996
sh.600662,sh.600662,4.4597,2.6577330999,4.001799999999999,7.825699999999999
sz.002318,sz.002318,4.4524,3.965561212,19.5935,24.915100000000002
sz.300357,sz.300357,4.4505,1.1651263484999999,46.0814,95.2454
sz.300434,sz.300434,4.4452,1.1565103523,34.888200000000005,64.6842
sh.688213,sh.688213,4.4326,2.3674669909,11.2122,25.737
sz.002867,sz.002867,4.4264,2.9339049075,15.0152,39.4289
sh.603606,sh.603606,4.426200000000001,3.7154203226,12.8875,23.5643
sz.002240,sz.002240,4.423,5.284333488500001,16.0909,34.0651
sz.002588,sz.002588,4.4219,3.604455246,8.8779,17.3219
sh.603486,sh.603486,4.3902,4.047786658,8.257,49.5896
sz.301275,sz.301275,4.3896,1.8071579471,12.241299999999999,30.249399999999998
sz.002043,sz.002043,4.3862,1.4720234581,8.7309,16.178600000000003
sz.002407,sz.002407,4.3749,4.3163021582,13.423399999999999,27.608700000000002
sz.300037,sz.300037,4.3652999999999995,4.8512966651,14.433399999999999,24.2804
sz.000989,sz.000989,4.3479,2.0064664606,20.6164,60.592999999999996
sz.300866,sz.300866,4.3468,4.7092242451,6.1901,43.6401
sh.600563,sh.600563,4.3436,2.6773652503,20.843700000000002,31.650699999999997
sz.301603,sz.301603,4.3284,1.0397571325,14.338799999999999,30.6979
sh.600763,sh.600763,4.3183,2.2058013455000003,29.2047,43.874
sh.603027,sh.603027,4.3069999999999995,1.481435066,18.1201,40.8178
sz.000423,sz.000423,4.305,4.5477359684,25.067099999999996,75.5156
sh.605305,sh.605305,4.291799999999999,1.2865199601000001,29.338399999999996,50.4198
sh.603650,sh.603650,4.2859,1.8235400712,17.3874,22.211
sz.002568,sz.002568,4.2703999999999995,2.1643719829,27.0623,70.30999999999999
sz.000758,sz.000758,4.2542,2.8323830607,9.0746,15.9562
sz.002371,sz.002371,4.245,15.6795633489,15.1892,40.7728
sh.688076,sh.688076,4.2437000000000005,1.2689298153,22.947100000000002,61.965599999999995
sh.600115,sh.600115,4.2361,17.21,4.6438,8.2515
sh.600415,sh.600415,4.2312,9.932679612200001,21.6261,33.7785
sz.002997,sz.002997,4.2312,1.177414893,11.700199999999999,22.083
sh.601225,sh.601225,4.2305,70.0014211036,17.9707,31.123299999999997
sz.002466,sz.002466,4.2273,28.4111691074,55.40350000000001,62.6561
sz.300432,sz.300432,4.2253,2.3346224325,4.6193,9.345
sh.600686,sh.600686,4.2157,1.6968884224,2.9455999999999998,11.7708
sz.002475,sz.002475,4.2116,39.6763678813,4.7297,11.9205
sh.603939,sh.603939,4.2035,5.4608513416,8.9743,40.036500000000004
sz.002595,sz.002595,4.1963,5.151405598,19.3107,34.0528
sz.002752,sz.002752,4.1906,1.5131482601,7.9945,13.814499999999999
sh.600521,sh.600521,4.1906,3.9834144117,17.0567,57.6669
sh.688100,sh.688100,4.1893,1.4828106365,27.8786,43.3326
sz.000551,sz.000551,4.1744,1.5667905981,12.8643,28.6443
sz.000700,sz.000700,4.1689,1.6207298847999998,11.5471,19.284100000000002
sz.300442,sz.300442,4.1673,5.8572373928,31.8401,46.7988
sh.600433,sh.600433,4.1664,3.9963451784,23.1822,6.4336
sh.688411,sh.688411,4.16,2.0205920793,8.5276,19.424500000000002
sh.600066,sh.600066,4.1424,6.6749927377,11.2956,23.5583
sh.601888,sh.601888,4.1407,23.7031266605,14.0205,33.6318
sz.002284,sz.002284,4.1368,1.4227665263999998,10.4786,20.4052
sz.300666,sz.300666,4.132099999999999,1.8453610708000001,14.135200000000001,32.856
sz.000902,sz.000902,4.1122,5.1354559966,9.3374,18.0102
sz.002468,sz.002468,4.1098,4.5828913984,2.9215999999999998,7.3835
sz.000301,sz.000301,4.1074,14.478749179400001,4.5214,18.9207
sh.600012,sh.600012,4.1012,5.722429524400001,36.3587,52.6855
sz.002716,sz.002716,4.0954,1.5552627938999999,4.863300000000001,9.0203
sz.300776,sz.300776,4.0916,1.6365741138,38.725500000000004,47.4861
sz.000651,sz.000651,4.0826,60.9880748282,14.194499999999998,27.4158
sh.600062,sh.600062,4.0825,5.0137648046,17.8643,59.0338
sh.600029,sh.600029,4.0776,21.51,4.5017000000000005,10.82
sz.002738,sz.002738,4.0716,5.4996450263,39.969,57.516
sh.600612,sh.600612,4.0649999999999995,6.9022057366,5.0226,12.745600000000001
sz.300415,sz.300415,4.0644,1.3412988375,10.3467,32.5799
sz.002768,sz.002768,4.0642,2.7174079095,5.054,11.9294
sz.000513,sz.000513,4.0631,7.2400955391999995,25.218600000000002,65.8685
sh.603967,sh.603967,4.0597,1.0904713761,5.013999999999999,7.305200000000001
sh.600267,sh.600267,4.052300000000001,3.5854707498000002,14.999,50.867799999999995
sh.600236,sh.600236,4.0514,9.7853561563,36.7323,55.68579999999999
sz.300487,sz.300487,4.0463,1.8207391038999998,29.994,55.48180000000001
sh.603638,sh.603638,4.0409,1.5979375794,13.684899999999999,27.5085
sh.603296,sh.603296,4.035,10.696514261599999,2.6252,8.5399
sh.600531,sh.600531,4.0291,2.7486639116000005,1.6806999999999999,6.0279
sz.002545,sz.002545,4.023899999999999,4.0190044731,28.337,43.592
sz.002901,sz.002901,4.0186,1.6189030387999999,25.2363,74.1625
sz.002082,sz.002082,4.0155,1.0065929208,26.899,56.884100000000004
sz.002460,sz.002460,4.0113,19.2208424044,20.9009,29.7187
sh.688400,sh.688400,4.01,1.9831293121,33.2023,42.3742
sh.600338,sh.600338,3.9993,1.7910032055,21.1312,71.0622
sh.603271,sh.603271,3.9989,1.193061135,4.9538,9.6971
sz.000878,sz.000878,3.9987000000000004,8.802520360299999,1.6622000000000001,4.3974
sh.600176,sh.600176,3.9985,13.1432229049,24.8833,39.6378
sh.688692,sh.688692,3.9922,1.4789785383,36.015,96.56400000000001
sz.000429,sz.000429,3.9919999999999995,6.2599046778,58.0669,68.2196
sh.603298,sh.603298,3.9891,4.6431336667,9.443999999999999,22.4953
sz.300059,sz.300059,3.9871999999999996,37.3777985592,74.2946,73.97160000000001
sh.600926,sh.600926,3.9787000000000003,66.28893,63.7053,0.0
sz.000963,sz.000963,3.9656,9.9716140038,8.9164,33.9431
sh.601111,sh.601111,3.9614000000000003,17.93336,4.0267,7.8649
sh.688012,sh.688012,3.9592,9.1843990412,31.5075,39.8926
sh.603883,sh.603883,3.9574,3.02357093,5.5162,33.508700000000005
sz.300373,sz.300373,3.9572999999999996,3.7937415433,17.813599999999997,36.8127
sh.600497,sh.600497,3.9566999999999997,6.620018700399999,10.406799999999999,20.883
sz.300803,sz.300803,3.9334000000000002,1.10376802,21.3116,89.9824
sz.300770,sz.300770,3.9316999999999998,1.4294331997999998,37.9366,43.2751
sh.603508,sh.603508,3.9315,1.6778995227000002,44.317099999999996,62.6668
sh.603885,sh.603885,3.9173,4.4043260608,7.3646,16.1217
sz.000682,sz.000682,3.9091,2.2262211015999998,14.6565,30.449900000000003
sh.601112,sh.601112,3.9083,2.0072918375,12.3118,21.8413
sh.688110,sh.688110,3.9076,1.5331244713999999,31.985200000000003,53.169599999999996
sz.000893,sz.000893,3.9074999999999998,5.3336580446,35.8485,57.3642
sz.000960,sz.000960,3.9007,8.8653854055,5.7005,10.044
sz.002690,sz.002690,3.8961999999999994,1.159694502,28.838200000000004,54.7163
sh.603338,sh.603338,3.8958,4.5306047811,18.436700000000002,33.8099
sh.600323,sh.600323,3.8837,7.1327487312,19.5074,38.0067
sz.301061,sz.301061,3.8822,1.6641890196,22.3415,38.1308
sh.600233,sh.600233,3.8788000000000005,13.649842174100002,7.2727,11.1755
sh.600827,sh.600827,3.8651999999999997,8.523930460399999,12.3264,24.1035
sz.002262,sz.002262,3.8634000000000004,3.1760167564999997,19.7237,70.9674
sz.000739,sz.000739,3.8608999999999996,2.492767395,10.1853,29.3039
sz.300896,sz.300896,3.8597,3.0103090264,47.4987,92.4895
sz.300821,sz.300821,3.8596,1.9403398559,15.449499999999999,21.0555
sh.600188,sh.600188,3.8434000000000004,52.43626,15.1599,25.918200000000002
sz.002326,sz.002326,3.8396,1.2184914851000002,7.198300000000001,24.0894
sz.000987,sz.000987,3.8297,15.960553731400001,103.7112,21.157
sz.002275,sz.002275,3.8176,1.2435643396,23.6815,82.2643
sh.600690,sh.600690,3.8146,48.067917298999994,6.5233,25.343799999999998
sh.603507,sh.603507,3.7986,1.0082281435,6.7729,18.231
sz.000997,sz.000997,3.798,3.1201014019,12.670799999999998,29.4312
sh.603713,sh.603713,3.7947,2.203696816,5.8864,11.0949
sz.000915,sz.000915,3.7918,2.0942277865,50.797599999999996,81.87219999999999
sz.002756,sz.002756,3.7805999999999997,5.0340563365,20.723,30.8687
sh.600578,sh.600578,3.7799,13.5578571324,13.317100000000002,18.6949
sh.603092,sh.603092,3.7774,2.1250544362,18.9896,23.738
sh.605090,sh.605090,3.7701,4.3672392046,9.709900000000001,14.3807
sh.600885,sh.600885,3.7655000000000003,6.3866991289,12.504100000000001,32.0864
sz.002083,sz.002083,3.7630999999999997,1.7812812036,12.643699999999999,23.6466
sh.603730,sh.603730,3.7624,1.8643184431,12.1114,27.019199999999998
sh.601128,sh.601128,3.7548,12.84176,40.4974,0.0
sz.002996,sz.002996,3.7481,1.26205604,3.3087,4.3598
sz.301200,sz.301200,3.7394,3.2537939573,16.642100000000003,33.122
sh.688128,sh.688128,3.7355,1.3221534362,11.1825,31.234499999999997
sh.688016,sh.688016,3.7340999999999998,1.5260606444,41.2186,73.12910000000001
sh.600351,sh.600351,3.7185999999999995,1.0697301422,18.7008,53.2442
sh.600301,sh.600301,3.7175,2.6919199258999997,23.2593,41.5089
sh.601100,sh.601100,3.7092,6.5327247513,20.3519,38.5735
sh.601882,sh.601882,3.7068,1.1138440559,13.6647,25.584
sh.601702,sh.601702,3.7045000000000003,2.4291107337,8.16,14.257100000000001
sh.600863,sh.600863,3.6923,8.996097705599999,19.1099,24.4295
sh.601975,sh.601975,3.6569,4.3442916773,27.6975,29.064600000000002
sh.600276,sh.600276,3.6546000000000003,22.809947053400002,28.0201,86.5986
sh.600111,sh.600111,3.6531000000000002,10.4714842038,8.8301,13.223799999999999
sz.002603,sz.002603,3.6525000000000003,4.086124292,16.747899999999998,60.053900000000006
sz.301665,sz.301665,3.6523,1.6126802124000001,11.706999999999999,28.5078
sh.600710,sh.600710,3.6406,7.5922888923,2.4385,5.8115
sh.601717,sh.601717,3.6237,9.3328548641,9.786999999999999,19.270599999999998
sh.600312,sh.600312,3.6207000000000003,4.3611587137,17.801000000000002,29.4219
sh.603737,sh.603737,3.62,1.0358497359,4.2528999999999995,30.8373
sh.600114,sh.600114,3.6135,1.7881610681,11.6347,26.509700000000002
sh.601677,sh.601677,3.6075999999999997,7.0100096734,7.1774000000000004,9.8446
sh.603093,sh.603093,3.6072,2.0543076651,47.4292,0.0
sz.002419,sz.002419,3.6062999999999996,1.4813889496000001,4.6708,35.4061
sz.300009,sz.300009,3.6035,1.7216474708,31.781399999999998,75.5904
sz.300910,sz.300910,3.5969,1.3992759574,15.964300000000001,33.8547
sz.002605,sz.002605,3.5957999999999997,1.4644593433000002,18.563,37.9412
sz.000630,sz.000630,3.5947,19.9021334864,3.0775,7.577
sz.300408,sz.300408,3.5905,7.9080513026,29.496699999999997,43.4889
sz.300926,sz.300926,3.5832999999999995,1.2936573429,12.833900000000002,24.993399999999998
sz.002745,sz.002745,3.5756,4.1660791818,8.8264,26.9185
sz.002311,sz.002311,3.5714,9.4529738176,3.2585999999999995,9.9216
sh.603345,sh.603345,3.5703,5.6739845349,12.0462,24.9871
sz.301511,sz.301511,3.5669,1.9977765318,4.6055,9.107700000000001
sh.605319,sh.605319,3.5654,1.0079610244,15.0594,25.7731
sz.002056,sz.002056,3.5652999999999997,3.7747825930000003,6.8892999999999995,17.1328
sh.603899,sh.603899,3.5631000000000004,3.5489793097000004,6.417299999999999,20.2716
sz.301682,sz.301682,3.5612999999999997,2.0555069966999997,24.1075,46.5901
sz.300815,sz.300815,3.5545,1.8042148141,9.1791,23.6007
sh.603612,sh.603612,3.5541000000000005,2.7245687855000003,5.7687,12.420200000000001
sh.688612,sh.688612,3.5533,1.3110984488,9.6147,24.029700000000002
sz.300146,sz.300146,3.5502,4.0308354981,21.5692,69.1472
sh.601991,sh.601991,3.5452999999999997,34.45578,11.382299999999999,19.6602
sh.603013,sh.603013,3.5402000000000005,1.7571249387,7.9999,16.9853
sh.601869,sh.601869,3.5319000000000003,5.85263373,15.8378,41.5146
sh.600861,sh.600861,3.5305999999999997,4.3718508333,3.8409,4.1678
sz.300558,sz.300558,3.5238,2.3115960265999997,22.2304,79.0834
sh.601827,sh.601827,3.5102,4.6286273199000005,30.4265,47.9564
sh.601083,sh.601083,3.5096000000000003,3.3824038954000004,19.5269,28.4732
sz.300346,sz.300346,3.5073,1.5196246667,22.9696,41.8612
sz.000783,sz.000783,3.5069999999999997,14.8804166448,44.1917,0.0
sh.688029,sh.688029,3.4986,1.4872279311,17.4203,64.0095
sh.600729,sh.600729,3.4915000000000003,2.8223265669999997,6.916300000000001,29.469099999999997
sh.600486,sh.600486,3.4888000000000003,4.0710877327,11.741999999999999,21.793000000000003
sz.002028,sz.002028,3.4795,5.7178963663,12.5155,28.9504
sh.600298,sh.600298,3.4787,4.3943247496,9.692499999999999,26.4679
sz.002293,sz.002293,3.4554,1.4766335947999998,12.749099999999999,49.582100000000004
sh.600487,sh.600487,3.4440999999999997,11.8193681275,6.643599999999999,15.9795
sh.600875,sh.600875,3.4423000000000004,15.654902505499999,9.093,17.1821
sz.002489,sz.002489,3.4215000000000004,1.6102802431,6.514499999999999,20.8816
sz.002928,sz.002928,3.4167000000000005,1.3404069116,7.350099999999999,-0.1972
sz.000708,sz.000708,3.4087,15.2233718935,5.745900000000001,14.432900000000002
sh.600362,sh.600362,3.4072999999999998,31.45253919,2.2608,5.0699000000000005
sh.601789,sh.601789,3.4039,1.8928953550999998,3.7800000000000002,7.115399999999999
sh.603659,sh.603659,3.3992,7.7172911909,17.7376,29.7749
sh.600085,sh.600085,3.3969,6.167328949600001,13.223099999999999,41.6573
sh.600845,sh.600845,3.3944,3.8538324811,14.5761,30.768
sh.600309,sh.600309,3.3842999999999996,43.6166954916,8.0694,14.728
sz.002850,sz.002850,3.3842,4.5555259053,10.9974,21.1662
sz.002351,sz.002351,3.3758000000000004,1.1036068261,19.0727,42.3596
sh.603053,sh.603053,3.3606999999999996,1.7285089188,10.7156,19.9209
sh.603194,sh.603194,3.3543000000000003,1.8482666691999998,10.6272,30.158600000000003
sh.688036,sh.688036,3.3536,7.417996777000001,4.579,22.0047
sz.300014,sz.300014,3.3522999999999996,14.4299940757,6.9778,14.038300000000001
sh.601900,sh.601900,3.3424,3.3586534901,17.0544,40.2255
sz.000425,sz.000425,3.3404999999999996,20.8662902951,7.0043,22.051499999999997
sz.002409,sz.002409,3.3401,2.9893547430000003,15.1532,31.2457
sh.600426,sh.600426,3.3208,11.942720673599998,14.313600000000001,22.2802
sh.603596,sh.603596,3.3063000000000002,2.6936385934,10.072000000000001,19.4289
sh.603112,sh.603112,3.3061,1.5176923874000001,14.3926,21.117
sh.603365,sh.603365,3.2996999999999996,1.0509712056,10.7356,46.2928
sh.600150,sh.600150,3.2988999999999997,51.7033280018,11.9373,17.4753
sh.600702,sh.600702,3.2987,2.3115983676,15.6048,66.3484
sz.001286,sz.001286,3.2929,13.902065171099999,24.0555,39.1549
sh.600779,sh.600779,3.2897999999999996,1.7103748607,20.9648,79.83879999999999
sh.600757,sh.600757,3.2881,3.3603858298000002,18.9143,35.6756
sz.000683,sz.000683,3.2839,5.4683027134,20.119300000000003,32.5054
sz.002415,sz.002415,3.2833,32.615442657399996,15.7445,49.085499999999996
sz.002734,sz.002734,3.2803,1.4202437382,10.6978,25.0409
sz.300184,sz.300184,3.277,1.3732173846,4.843299999999999,10.8606
sz.000338,sz.000338,3.2727,39.8288708381,6.366199999999999,21.4308
sh.601628,sh.601628,3.2686,200.74,21.5176,0.0
sh.603680,sh.603680,3.267,1.89254381,16.6269,34.1215
sz.000885,sz.000885,3.2584,3.4265532023,21.072499999999998,41.7076
sh.688120,sh.688120,3.2584,2.4730487048,20.5844,42.309200000000004
sh.603209,sh.603209,3.2569,1.1403814136,24.3927,29.1692
sz.002773,sz.002773,3.2528,3.0320336373,28.9737,88.66159999999999
sz.002142,sz.002142,3.2423,82.7,40.571,0.0
sh.600011,sh.600011,3.2377000000000002,65.07084791,11.4596,19.5211
sh.601601,sh.601601,3.2299,103.67,11.2019,0.0
sh.600064,sh.600064,3.228,6.411277183099999,105.7868,21.133399999999998
sh.600901,sh.600901,3.2276,8.3017859062,46.163,0.0
sh.600377,sh.600377,3.2223,14.1947695402,31.3519,36.5971
sz.301526,sz.301526,3.2194000000000003,2.8277478887000003,12.7683,23.289
sz.002838,sz.002838,3.2194000000000003,1.3389202416,7.8028,14.688399999999998
sz.000528,sz.000528,3.2161000000000004,6.285259085800001,6.2473,21.3094
sh.600862,sh.600862,3.2145,2.4672616777000003,22.8189,40.5388
sh.600210,sh.600210,3.2131,2.2455549835,9.7003,23.026699999999998
sh.603067,sh.603067,3.2085000000000004,1.2187855874,10.203800000000001,26.7582
sz.000553,sz.000553,3.2078,5.69228,7.8997,27.7223
sz.301267,sz.301267,3.2049000000000003,1.8425284841999998,16.020799999999998,46.132
sh.600617,sh.600617,3.2006,1.6661669485,3.4651,8.888300000000001
sh.603889,sh.603889,3.1967000000000003,1.2483864176000001,9.713099999999999,20.3787
sh.600903,sh.600903,3.1965,1.2660094836,6.399100000000001,16.9534
sz.002085,sz.002085,3.1885999999999997,3.1872410343,9.217,16.0936
sz.002223,sz.002223,3.1857,4.2921123902,18.107400000000002,50.2117
sh.603181,sh.603181,3.1848,1.1242003313,17.1109,28.4136
sh.601918,sh.601918,3.1847,5.9517714469000005,16.5012,35.8144
sz.000791,sz.000791,3.1837999999999997,7.679770931599999,32.0818,43.0367
sz.301246,sz.301246,3.1836999999999995,1.4419756658,20.4964,32.0023
sh.600674,sh.600674,3.1832,14.654062036500001,445.1741,54.0482
sh.600547,sh.600547,3.1815,24.3903763058,7.5009999999999994,18.296699999999998
sh.600315,sh.600315,3.1806,2.2213430408000003,12.3735,65.8452
sz.002539,sz.002539,3.1761,3.1196448225,5.1128,12.2836
sz.301260,sz.301260,3.1687,1.3544245725,7.1984,36.1769
sh.603858,sh.603858,3.1673,3.0310274918,11.7527,63.347699999999996
sh.600166,sh.600166,3.1626000000000003,4.7934380727,3.0379,10.882
sh.601009,sh.601009,3.1471999999999998,66.41325,41.2214,0.0
sz.300298,sz.300298,3.1444,1.0299139424,8.309700000000001,52.50899999999999
sz.001696,sz.001696,3.1350999999999996,1.7867254038,5.8515999999999995,12.884
sh.601579,sh.601579,3.1349,1.2015113399,24.0173,61.602000000000004
sh.600030,sh.600030,3.1218,104.588657876,45.1688,0.0
sh.601838,sh.601838,3.1203000000000003,31.56704,50.9347,0.0
sz.002328,sz.002328,3.1162,1.1173244836,13.947399999999998,9.806099999999999
sh.600461,sh.600461,3.1146,3.3542929592000004,19.7985,36.516999999999996
sz.002497,sz.002497,3.114,3.4392230104,12.1518,24.586
sh.603589,sh.603589,3.1109999999999998,3.2870932721,23.8993,67.6149
sh.605577,sh.605577,3.1083,1.2329090005,22.9535,46.1438
sz.300033,sz.300033,3.1058,2.5592238571,24.2927,84.9881
sh.688475,sh.688475,3.1057,1.8264844093000001,12.927900000000001,50.4721
sh.600919,sh.600919,3.1026000000000002,109.25076,45.1817,0.0
sh.600681,sh.600681,3.0998,1.1347293395,5.9655,12.9041
sh.601799,sh.601799,3.0926,3.5515649218000003,10.354800000000001,19.3321
sz.002557,sz.002557,3.09,1.6781967303999998,7.5515,25.098399999999998
sz.000544,sz.000544,3.0883000000000003,3.6119722687,30.7872,60.1638
sh.605020,sh.605020,3.0863,1.8089431077,13.664399999999999,27.212799999999998
sh.600007,sh.600007,3.086,3.0567285,33.947500000000005,59.3879
sz.000899,sz.000899,3.0844,2.5463626281,11.365,17.4943
sh.601208,sh.601208,3.0805,1.8393789559,12.741900000000001,17.1298
sz.000685,sz.000685,3.0761,5.925683679,58.9077,27.7779
sh.600079,sh.600079,3.0689,7.7005528274,12.6213,49.533899999999996
sh.600559,sh.600559,3.0686999999999998,1.6545410777,13.559899999999999,64.102
sz.002507,sz.002507,3.0662,2.7247227764999997,36.1535,54.85529999999999
sz.000415,sz.000415,3.0609,13.66812,15.2717,43.2113
sz.300395,sz.300395,3.055,1.4830081046,23.8528,50.7405
sh.600694,sh.600694,3.0475,3.0005743910000002,15.1819,42.2136
sz.002948,sz.002948,3.045,15.7131,36.1891,0.0
sh.603689,sh.603689,3.0444,1.1798284409,8.8355,15.398
sh.688018,sh.688018,3.0297,1.3604543085,20.9956,48.5087
sz.002206,sz.002206,3.0286,1.2404158904,9.4702,21.577099999999998
sz.002920,sz.002920,3.0185,4.6740309052999995,7.1962,18.5964
sh.601857,sh.601857,3.0108,534.77,7.2621,22.9241
sh.600900,sh.600900,3.01,68.8329742233,38.005,55.646300000000004
sz.002320,sz.002320,3.0073,4.074092263,26.333000000000002,44.1161
sh.600638,sh.600638,3.0020000000000002,1.3728555184,84.9862,22.889300000000002
sh.603877,sh.603877,2.9983,1.3664168744999998,8.2537,62.602000000000004
sh.688041,sh.688041,2.988,8.773613021000001,21.7514,55.604
sz.002950,sz.002950,2.988,1.1328639361,12.6423,32.6725
sz.002249,sz.002249,2.9878,3.0986727534,10.1975,24.5471
sh.603983,sh.603983,2.9873,1.009977522,11.4602,73.8198
sz.300861,sz.300861,2.9836,1.9427896156,32.8642,39.0664
sh.601066,sh.601066,2.9825,36.6993830121,47.689,0.0
sz.003031,sz.003031,2.9688,2.0900803672,19.017300000000002,30.549799999999998
sz.301371,sz.301371,2.9677,1.7155455781,31.288899999999998,77.20240000000001
sh.603613,sh.603613,2.9663,3.4158227695999996,3.4785999999999997,6.9347
sh.600036,sh.600036,2.9627,380.48,43.7635,0.0
sh.601298,sh.601298,2.9621,14.99512673,29.0952,41.7741
sh.600761,sh.600761,2.9615,3.6067304247000003,6.9511,22.9281
sh.600295,sh.600295,2.9612,7.7299485638,13.194,22.8762
sz.002140,sz.002140,2.9592,1.0712621853,5.5179,10.9643
sz.002130,sz.002130,2.9562,2.4320740813,11.9682,30.4616
sz.000062,sz.000062,2.9544,2.3051163389,2.9932,8.0677
sh.601665,sh.601665,2.9476999999999998,15.66649,43.7977,0.0
sh.603235,sh.603235,2.946,1.4700360508,22.978,39.9917
sh.600535,sh.600535,2.9417,3.6455023196,16.8399,71.1895
sz.002078,sz.002078,2.9364,9.100700702300001,9.0259,14.768899999999999
sz.002697,sz.002697,2.934,1.4254675467,5.8089,30.409399999999998
sh.603071,sh.603071,2.9328,2.0219991924,2.5956,8.960799999999999
sz.300595,sz.300595,2.9319,1.641759596,35.7333,71.6081
sz.300627,sz.300627,2.9267000000000003,1.2734201725,15.7779,60.401
sh.603518,sh.603518,2.9250000000000003,1.1078629887,10.308,69.574
sz.000786,sz.000786,2.9175,8.2452246489,13.3773,29.5821
sz.301029,sz.301029,2.9166999999999996,1.2911367692,17.2997,39.0233
sh.601916,sh.601916,2.9127,61.7,35.893,0.0
sh.688726,sh.688726,2.9072,1.2080781785999999,12.4863,34.1768
sz.002011,sz.002011,2.9066,1.9466731003,6.368600000000001,15.412500000000001
sz.001287,sz.001287,2.9003,1.5844298741999998,0.5306,2.822
sz.002533,sz.002533,2.895,1.5658537444,3.132,9.8879
sh.601156,sh.601156,2.894,6.5792970965999995,10.0946,14.970600000000001
sh.603568,sh.603568,2.8897,4.6594432546,32.007400000000004,45.1907
sh.601969,sh.601969,2.8892,1.748999,14.665000000000001,25.7849
sz.002050,sz.002050,2.8819,9.5086770026,12.232099999999999,27.7967
sh.601901,sh.601901,2.8796,14.938738212,43.9389,0.0
sh.600886,sh.600886,2.8746,38.8172106233,31.0194,45.0457
sz.000776,sz.000776,2.8739,51.12186146729999,43.7613,0.0
sh.600459,sh.600459,2.8712,2.3450031084,1.8014999999999999,3.6256999999999997
sz.002126,sz.002126,2.8707,2.4083369612,5.673,18.5911
sz.000550,sz.000550,2.8684000000000003,3.3817054,3.7425,11.762599999999999
sz.000831,sz.000831,2.8411,1.4055525473,17.1254,20.8361
sz.301109,sz.301109,2.8403,3.0487450231,41.1775,56.833299999999994
sz.002761,sz.002761,2.8388,3.0143530114,1.5899,4.3627
sh.603368,sh.603368,2.8366,2.2545416892,4.1927,11.5605
sz.002737,sz.002737,2.8326000000000002,1.1579206438,13.7208,56.3359
sz.300867,sz.300867,2.8305000000000002,1.1297293207999999,28.270200000000003,51.644400000000005
sh.603733,sh.603733,2.8294,2.5164501564,7.945099999999999,14.8371
sz.002518,sz.002518,2.8287,1.4143450697,11.4033,29.7125
sz.000531,sz.000531,2.8263,1.8817431029,21.934,12.2989
sz.300124,sz.300124,2.8255,10.2283383931,10.0839,29.0771
sh.603127,sh.603127,2.8238,2.3835142153,75.3954,20.4859
sh.601577,sh.601577,2.8238,23.20891,32.265899999999995,0.0
sh.688301,sh.688301,2.8203,1.8243660631,26.5878,45.8348
sz.000559,sz.000559,2.8198,2.4844262143,8.8589,22.5194
sh.601077,sh.601077,2.8195,40.21278,51.3569,0.0
sh.601877,sh.601877,2.8157,16.6508418445,7.8161,20.6763
sh.601995,sh.601995,2.8111,36.01247253,40.8062,0.0
sh.601319,sh.601319,2.8055,120.25,8.0957,0.0
sh.600018,sh.600018,2.8005999999999998,44.541654668999996,43.3125,39.4234
sh.600125,sh.600125,2.8002,2.1539454522,8.4454,13.0526
sh.600039,sh.600039,2.7967,15.243749151500001,6.9155,14.239799999999999
sz.002472,sz.002472,2.7958,3.0012883663,14.3227,27.548000000000002
sh.689009,sh.689009,2.7927,2.0910860268,3.5623,26.541500000000003
sz.002958,sz.002958,2.7910999999999997,12.47823,44.7061,0.0
sh.600664,sh.600664,2.7906,1.6107192396,3.8579000000000003,24.107300000000002
sh.601801,sh.601801,2.7904,3.3660233449,13.3186,27.169999999999998
sz.000623,sz.000623,2.7864,8.650985779099999,168.276,48.4163
sh.601668,sh.601668,2.7857,163.59772,3.1961999999999997,7.9268
sh.603809,sh.603809,2.7851999999999997,1.0331016436,15.033199999999999,31.2396
sh.600572,sh.600572,2.7749,2.0302890472999997,10.6548,56.7424
sh.600031,sh.600031,2.7732,25.23793,10.4973,27.480300000000003
sz.000951,sz.000951,2.7731,7.2923443963,3.7093000000000003,6.6591
sh.601963,sh.601963,2.7714,18.98372,47.511199999999995,0.0
sz.002020,sz.002020,2.7702999999999998,1.6615023550999999,18.0004,51.0833
sz.002839,sz.002839,2.768,5.7731729351,45.6131,0.0
sh.601825,sh.601825,2.7659,36.68932,55.2477,0.0
sh.600956,sh.600956,2.7645,8.0757991051,14.3712,23.0846
sz.000828,sz.000828,2.7538,2.8080589752,79.0823,70.218
sz.002158,sz.002158,2.7527,1.2170924326,17.674,33.022400000000005
sz.002034,sz.002034,2.7507,2.0423583077000003,24.438399999999998,44.3165
sz.300406,sz.300406,2.7504,1.05611273,31.543599999999998,81.9386
sz.000977,sz.000977,2.7455,6.0488483799,1.7052999999999998,6.639200000000001
sh.600060,sh.600060,2.7414,6.8497841287,4.9923,16.845
sz.002053,sz.002053,2.7392,2.1513437307,33.2571,53.2047
sh.603587,sh.603587,2.7331000000000003,1.0064187948999999,19.793,77.4575
sh.600908,sh.600908,2.7247,6.35374,45.861200000000004,0.0
sh.603179,sh.603179,2.7185,1.966880526,5.4048,20.2332
sz.002444,sz.002444,2.717,5.2436802280000006,13.8999,31.4124
sz.002966,sz.002966,2.7169,17.46185871,48.4353,0.0
sh.688809,sh.688809,2.7167,1.1201216197,39.3262,64.5351
sh.600163,sh.600163,2.714,2.083939113,44.9778,62.8505
sz.002244,sz.002244,2.7137000000000002,10.1870658025,8.155999999999999,11.0488
sz.002138,sz.002138,2.7089,1.9779202412999999,11.7396,32.5338
sh.600566,sh.600566,2.7042,3.9906685988999997,33.049099999999996,82.1244
sz.002637,sz.002637,2.7037999999999998,1.0770533082,3.396,8.5494
sz.300596,sz.300596,2.6978999999999997,1.2335792051,7.7475000000000005,22.738
sz.002563,sz.002563,2.6963999999999997,3.1023322179000004,8.9946,47.7029
sh.603279,sh.603279,2.6956,1.2346594636,9.1016,22.345599999999997
sh.600380,sh.600380,2.6955,8.8345070089,23.7391,63.1892
sh.600368,sh.600368,2.6955,1.9767394842,58.8525,62.9698
sh.605007,sh.605007,2.6881,1.0037984420000001,4.4036,9.393799999999999
sh.600803,sh.600803,2.6818999999999997,17.5374,5.6301,12.3419
sh.600197,sh.600197,2.6698,1.061400513,17.507,51.53
sh.600035,sh.600035,2.6636,2.5328716253,23.9593,35.8247
sh.600874,sh.600874,2.6581,2.9047613849,25.2829,39.420300000000005
sh.603786,sh.603786,2.6528,1.5662704409000001,10.237599999999999,25.2901
sz.000001,sz.000001,2.6519999999999997,145.23,41.1685,0.0
sz.002430,sz.002430,2.6433,2.8204060754,7.0576,22.5158
sh.601101,sh.601101,2.6422,4.0756936126,15.648100000000001,32.555800000000005
sz.000598,sz.000598,2.6389,5.4065579837,25.9054,46.5399
sz.000404,sz.000404,2.6377,1.5350190463,5.0642,13.345699999999999
sz.300398,sz.300398,2.637,1.395365364,15.9886,39.6403
sz.002035,sz.002035,2.6329000000000002,1.0911388517,9.200800000000001,44.793
sz.002508,sz.002508,2.6315999999999997,3.0599152711,15.5885,54.1023
sz.301498,sz.301498,2.6313,1.2351077739,7.515,41.6118
sh.601166,sh.601166,2.6272,238.76,43.34,0.0
sz.002204,sz.002204,2.6271,2.0845469553,5.149900000000001,17.0037
sz.000422,sz.000422,2.6207000000000003,3.1284405956,4.6305,13.9625
sh.601339,sh.601339,2.6152,2.4256186343,12.2017,17.069799999999997
sz.300450,sz.300450,2.6147,3.8930904874000003,10.548499999999999,33.6121
sh.603658,sh.603658,2.6143,2.3913727856,24.1017,66.6406
sh.600546,sh.600546,2.6075999999999997,6.1813425362,12.4429,38.842999999999996
sh.600006,sh.600006,2.6048,2.0485391233000003,8.3712,8.1153
sz.000421,sz.000421,2.6042,1.315687467,5.1769,12.8935
sz.300144,sz.300144,2.5999000000000003,2.1752257588,40.7159,64.8628
sz.002755,sz.002755,2.5925,1.0388395861,21.5625,84.10079999999999
sh.600216,sh.600216,2.5876,2.5836154294,11.7927,35.0552
sz.002203,sz.002203,2.5741,5.1029097571,2.125,5.0200000000000005
sh.600392,sh.600392,2.5621,3.3270866570999997,9.8361,12.8175
sh.603876,sh.603876,2.5562,1.9148007025,2.637,11.129999999999999
sz.000060,sz.000060,2.5532,5.0391785782,2.6502999999999997,5.3491
sz.002484,sz.002484,2.5524,1.6451912149,11.8899,25.8888
sh.600027,sh.600027,2.5521,24.64403,8.0871,12.634899999999998
sz.001301,sz.001301,2.5454,1.8082080033,8.2378,19.2792
sz.000543,sz.000543,2.5443000000000002,6.5986188725999995,11.003300000000001,14.394199999999998
sz.000906,sz.000906,2.5408,2.2989832513999997,0.40990000000000004,1.1162
sh.600998,sh.600998,2.5353,5.9519271257,1.3291000000000002,7.464600000000001
sz.300223,sz.300223,2.5352,3.2034831702999997,20.5382,43.4912
sz.002245,sz.002245,2.53,2.1624828841999997,10.044500000000001,19.545399999999997
sz.002352,sz.002352,2.5293,26.50843,3.5754,13.7376
sz.002353,sz.002353,2.5292,5.8947526575,17.914099999999998,33.616600000000005
sh.600511,sh.600511,2.5233,4.9151466476,3.626,6.0989
sz.000155,sz.000155,2.5149999999999997,4.6294878183999995,37.9187,61.1325
sz.002080,sz.002080,2.5147,5.8766670513,8.5736,20.9424
sh.601919,sh.601919,2.5118,68.8188937206,13.2863,17.2411
sz.300748,sz.300748,2.5107,1.9166521663,9.4146,21.831
sz.002402,sz.002402,2.4977,1.916461005,6.8088,20.4829
sz.000958,sz.000958,2.4962,12.399133094300002,45.4381,30.379099999999998
sh.600580,sh.600580,2.4947,2.8175633579,7.0689,23.305899999999998
sz.002294,sz.002294,2.4918,2.2582862803,18.383399999999998,76.58279999999999
sz.000100,sz.000100,2.488,6.0795653,1.3991,12.4975
sh.601318,sh.601318,2.479,332.63,15.229999999999999,0.0
sz.002273,sz.002273,2.4707,2.3489719518000003,13.6509,29.4737
sh.601330,sh.601330,2.4649,2.1858419956,24.4195,48.2702
sz.002479,sz.002479,2.4458,1.2951298374,9.2896,15.160199999999998
sh.603997,sh.603997,2.4455999999999998,1.3844364367,2.218,14.8775
sh.603055,sh.603055,2.4416,1.3376009476000001,9.3186,24.5474
sh.601229,sh.601229,2.4396,63.27732,44.6398,0.0
sh.600522,sh.600522,2.4331,9.4742125702,7.2090000000000005,15.5814
sz.301165,sz.301165,2.4288,1.2292301947,4.0987,35.6968
sh.601216,sh.601216,2.4265,7.2951440572,11.9784,19.8215
sh.603187,sh.603187,2.4229000000000003,1.0236960353,12.235100000000001,29.628100000000003
sz.000027,sz.000027,2.4193,16.3807685339,16.4632,27.386300000000002
sz.002340,sz.002340,2.4186,6.483157508500001,6.4951,17.471600000000002
sz.002064,sz.002064,2.4185000000000003,6.69451005,9.8933,18.4583
sz.002372,sz.002372,2.4174,1.1981058556,14.7424,41.402499999999996
sh.603323,sh.603323,2.4165,4.61904,40.3201,0.0
sh.600529,sh.600529,2.4138,2.0120602012999997,16.505,32.5629
sz.002895,sz.002895,2.4137,2.04374197,11.206900000000001,25.065700000000003
sz.002015,sz.002015,2.4091,3.6040809182999998,15.6285,30.6234
sh.600089,sh.600089,2.4026,21.4120872392,8.5834,21.1192
sz.002049,sz.002049,2.4018,3.3330807187000002,22.2341,52.581100000000006
sh.600713,sh.600713,2.4008000000000003,2.1169744459,1.5292,6.2799
sz.000905,sz.000905,2.3978,2.3409690764,4.003,7.9750000000000005
sh.601998,sh.601998,2.3976,204.89,37.492,0.0
sh.601088,sh.601088,2.3971,133.12,18.9099,32.8892
sz.000690,sz.000690,2.3961,3.0975166538,14.764,23.4015
sz.300130,sz.300130,2.3914999999999997,1.0666135468,12.304,30.050900000000002
sh.600897,sh.600897,2.391,1.2380398064,25.1272,33.751599999999996
sh.600814,sh.600814,2.3904,1.4708548741999998,29.5335,77.4989
sh.600428,sh.600428,2.3901,5.952113955700001,9.091299999999999,19.4513
sh.688385,sh.688385,2.3887,1.4008563573,13.5735,55.274100000000004
sh.603406,sh.603406,2.3844,1.1026907124,14.9786,19.5471
sz.002727,sz.002727,2.3785,1.7782777047,4.011,33.0851
sh.601898,sh.601898,2.3720000000000003,44.62902,13.053799999999999,25.5094
sh.603100,sh.603100,2.3714,1.139079173,7.8325000000000005,33.022800000000004
sh.688778,sh.688778,2.3653,2.2827202042,3.4665,8.409899999999999
sh.600361,sh.600361,2.3594,2.6516661616999997,1.3096999999999999,3.8001
sz.002283,sz.002283,2.3565,1.4446363794,11.4116,22.0438
sz.002458,sz.002458,2.3560999999999996,1.0342807095,13.196299999999999,23.277900000000002
sz.300979,sz.300979,2.3537,3.8485097863999997,8.9198,17.874599999999997
sz.002281,sz.002281,2.3491,2.3247818387,8.3826,26.8326
sz.000928,sz.000928,2.3489,2.0623950154,7.162599999999999,15.1197
sh.603308,sh.603308,2.3479,1.1232543408,12.639,33.7236
sh.688006,sh.688006,2.3451,1.2807706702,15.1515,33.6047
sz.002906,sz.002906,2.3423,1.671479225,5.3994,16.5198
sh.600483,sh.600483,2.342,8.6971443023,29.618699999999997,30.5305
sh.600999,sh.600999,2.3418,32.7120581594,46.9111,0.0
sz.002255,sz.002255,2.3373,1.037943797,20.821,33.049099999999996
sz.000968,sz.000968,2.3361,1.4349875330000001,29.815199999999997,31.6528
sh.601939,sh.601939,2.3287999999999998,868.21,41.0975,0.0
sh.688099,sh.688099,2.3281,1.729086577,9.1221,37.5077
sz.002048,sz.002048,2.3248,3.4392880495999996,6.6531,14.135
sh.600020,sh.600020,2.3234,3.6705380123,25.515300000000003,47.936499999999995
sh.601098,sh.601098,2.3201,3.9140528904000003,13.399,44.404700000000005
sh.600795,sh.600795,2.3192999999999997,24.872478024899998,6.3501,12.3195
sh.600699,sh.600699,2.3076,4.6271897233,3.3493000000000004,17.6657
sz.002174,sz.002174,2.3053,1.0373429068,29.299999999999997,40.1443
sh.601117,sh.601117,2.3039,16.4385980817,3.5789,9.3573
sh.600320,sh.600320,2.3038,3.80327971,4.4259,11.9499
sh.601288,sh.601288,2.3014,755.8,36.644,0.0
sz.300446,sz.300446,2.3002000000000002,1.5609672199000002,7.665800000000001,15.581900000000001
sz.300661,sz.300661,2.2984999999999998,1.2276767656999998,11.179699999999999,51.6283
sh.601688,sh.601688,2.2950000000000004,48.1040404637,46.157399999999996,0.0
sz.300012,sz.300012,2.2915,1.7650447963,11.8075,45.9506
sz.300919,sz.300919,2.2866999999999997,7.7932908922,4.9481,12.421100000000001
sz.000830,sz.000830,2.2853,4.3801419791,6.1575,13.117899999999999
sh.688169,sh.688169,2.2837,3.23196878,7.6457999999999995,43.2552
sh.600292,sh.600292,2.2806,4.7226118139999995,19.0841,33.856
sh.600509,sh.600509,2.2805,1.866037538,8.767,21.675
sz.002120,sz.002120,2.2795,4.9005319793,3.8967,8.980599999999999
sh.600916,sh.600916,2.2679,1.6598775231,1.0817,2.7262999999999997
sh.601689,sh.601689,2.2668,5.5336667384,8.348700000000001,19.2562
sz.300119,sz.300119,2.2657,1.174088418,14.212,39.7299
sh.600452,sh.600452,2.259,1.2831529553,19.869999999999997,24.759900000000002
sz.300140,sz.300140,2.2589,3.2721088195,22.8306,42.7904
sh.603418,sh.603418,2.2516000000000003,1.0319845147,10.0174,18.8465
sh.601022,sh.601022,2.2496,1.3980194215000001,8.9049,15.943299999999999
sz.000603,sz.000603,2.2464,1.151821983,29.965799999999998,61.4209
sh.601107,sh.601107,2.2436000000000003,4.7781295052,19.8147,34.7178
sz.301087,sz.301087,2.2303,1.0741175899,10.6099,55.15409999999999
sz.002299,sz.002299,2.2298999999999998,2.5659071592,4.9703,13.6659
sh.600933,sh.600933,2.2252,2.4420301211,12.705,27.362599999999997
sh.601658,sh.601658,2.2249000000000003,258.46,26.8776,0.0
sz.000887,sz.000887,2.2163,3.1778284376999997,7.2562,25.775100000000002
sz.000983,sz.000983,2.2157,9.7241298278,10.9739,28.604499999999998
sz.002392,sz.002392,2.2137000000000002,1.2940977054,6.9007,13.5819
sz.300002,sz.300002,2.2132,1.6701786328000001,11.9212,49.8865
sh.688472,sh.688472,2.2088,5.423269829700001,7.6068,20.4088
sz.003816,sz.003816,2.2004,40.6547408041,24.9119,39.372800000000005
sh.600388,sh.600388,2.1999999999999997,2.4511300986,10.323699999999999,25.6715
sh.688101,sh.688101,2.1996,1.000679318,20.4133,32.0327
sh.600577,sh.600577,2.1993,1.4516171916,2.0629999999999997,5.3508
sz.000650,sz.000650,2.1982999999999997,1.7822999011000003,15.7834,36.7037
sz.300428,sz.300428,2.1959,2.0386579139,2.412,10.4969
sz.000089,sz.000089,2.1954000000000002,2.6324254432,19.5917,24.2273
sh.600219,sh.600219,2.1898,12.2479691345,13.508700000000001,21.638099999999998
sh.601881,sh.601881,2.1851,33.202644454099996,45.1456,0.0
sh.600618,sh.600618,2.1837,2.0575451019999997,10.2743,15.562599999999998
sh.600177,sh.600177,2.1747,9.1878689066,31.8843,52.05689999999999
sz.002608,sz.002608,2.1736999999999997,10.0247036671,11.7227,8.052299999999999
sh.600685,sh.600685,2.1725000000000003,4.72464704,8.3105,8.6213
sh.601033,sh.601033,2.171,2.4121743227000003,21.8066,39.655699999999996
sh.600888,sh.600888,2.1708000000000003,2.6361529755,14.743500000000001,20.6986
sh.600871,sh.600871,2.1704999999999997,2.04758,1.1205,8.5947
sz.301035,sz.301035,2.1699,1.9208235225,6.0191,23.7915
sh.601000,sh.601000,2.1697,5.2260271378,34.489,48.370400000000004
sh.600000,sh.600000,2.1641,181.7,39.013999999999996,0.0
sz.300888,sz.300888,2.1619,2.7075784797000004,10.105400000000001,48.9223
sz.002416,sz.002416,2.161,1.5540355008000002,1.0046,5.405200000000001
sh.600704,sh.600704,2.1576999999999997,13.8925774724,1.0352000000000001,3.3627
sh.601096,sh.601096,2.1571,1.0170516234,4.2132000000000005,11.4403
sz.001914,sz.001914,2.1513999999999998,2.4646879597,5.1674999999999995,10.7807
sz.001289,sz.001289,2.1408,19.5051236107,24.7919,42.794900000000005
sh.600282,sh.600282,2.1347,5.885793995299999,4.0835,11.897499999999999
sh.600968,sh.600968,2.1340000000000003,6.6055882169,6.776600000000001,15.1564
sh.603281,sh.603281,2.133,1.033679063,20.042299999999997,27.846
sz.002441,sz.002441,2.1317,1.0238726131,4.0937,12.662200000000002
sz.001203,sz.001203,2.1297,1.5759706019,19.3702,52.2263
sh.601369,sh.601369,2.1295,2.2405956306,8.6582,21.343999999999998
sz.300759,sz.300759,2.1277,3.1041002135,8.6745,32.4958
sh.688676,sh.688676,2.1231,1.1165537689,7.3323,25.7407
sz.000034,sz.000034,2.1229,2.5540634669,0.6296999999999999,3.3667000000000002
sh.600736,sh.600736,2.1212999999999997,2.2118011802,15.7039,11.799
sh.601169,sh.601169,2.121,81.23,41.446,0.0
sh.600179,sh.600179,2.1182,2.5364599512,11.9619,18.0719
sh.601528,sh.601528,2.1172,4.28592,40.1332,0.0
sz.300850,sz.300850,2.1143,1.5203066478,17.1507,28.9107
sz.300699,sz.300699,2.1132,1.1984290574,18.7534,38.223
sz.002156,sz.002156,2.1126,3.5024352352999997,4.6814,13.3247
sh.601019,sh.601019,2.1119,3.2585471563,12.992500000000001,39.9094
sh.603995,sh.603995,2.1083000000000003,1.5471295634,1.5708,4.6164
sh.601997,sh.601997,2.1056,15.00347,43.2255,0.0
sh.601928,sh.601928,2.0987,4.3247004566000005,14.9955,35.6816
sh.601187,sh.601187,2.0972,7.28183,47.9496,0.0
sh.603367,sh.603367,2.0896999999999997,1.3211200456999999,15.536200000000001,57.9748
sh.601860,sh.601860,2.0869,4.28593,36.7588,0.0
sh.688336,sh.688336,2.0865,1.765615,40.9433,80.7087
sh.600941,sh.600941,2.084,293.54,11.0155,25.3507
sz.000166,sz.000166,2.0829,26.1923602291,44.1828,0.0
sz.300236,sz.300236,2.081,1.0380994045,17.9814,42.1847
sh.601965,sh.601965,2.0782,1.7214219967,21.2642,45.9732
sh.601326,sh.601326,2.078,4.3449064775999995,25.9513,39.2511
sh.601886,sh.601886,2.076,1.8237763951,4.0271,15.4078
sz.002202,sz.002202,2.0584000000000002,10.0754283804,6.5066,16.7629
sh.600987,sh.600987,2.0531,1.6043069114,7.8397,17.1094
sh.601500,sh.601500,2.0467,1.2646483406,5.9188,16.0936
sh.600906,sh.600906,2.0459,2.5341047191999997,34.5,0.0
sh.600033,sh.600033,2.0455,3.0825596055,41.943000000000005,56.0037
sh.600028,sh.600028,2.0447,196.14,2.7754999999999996,19.8889
sh.601328,sh.601328,2.044,263.88,37.903999999999996,0.0
sh.603236,sh.603236,2.0412,1.3933006172,2.0644,17.0881
sh.600780,sh.600780,2.0308,1.717715186,5.5817,7.780099999999999
sh.601398,sh.601398,2.0286,880.13,38.205099999999995,0.0
sh.601333,sh.601333,2.0256,5.79673901,7.8431,11.7015
sz.000755,sz.000755,2.0177,1.1249612881,33.0855,56.6415
sh.601878,sh.601878,2.0169,8.234857791900001,34.9079,0.0
sz.000686,sz.000686,2.0121,4.2057510172,31.715700000000002,0.0
sz.002831,sz.002831,2.01,2.4815815912,6.5419,25.0548
sz.300724,sz.300724,2.0069,2.7058119657999997,18.0933,34.5859
sh.601518,sh.601518,1.9955,1.2362579,46.6571,67.5442
sz.002039,sz.002039,1.9878,1.6157294440999999,34.4899,56.9272
sh.600995,sh.600995,1.9848999999999999,5.5206659943,29.8504,50.7216
sz.002007,sz.002007,1.984,2.4259449621,31.8319,50.187599999999996
sz.300285,sz.300285,1.9812,1.4835791201,13.941999999999998,36.7357
sh.600458,sh.600458,1.9812,1.7914885163,4.016900000000001,15.584799999999998
sz.002271,sz.002271,1.9771,3.9511718514,5.4953,27.0258
sz.000589,sz.000589,1.9746,1.8172021444,6.762700000000001,19.8974
sh.600970,sh.600970,1.9619999999999997,4.8005644825,5.0506,16.4297
sh.603456,sh.603456,1.9539,1.6827092319999999,14.0148,36.3723
sz.301217,sz.301217,1.9528,1.0634706165999999,5.7742,8.7918
sh.600098,sh.600098,1.9479,5.7362940104,4.9115,8.2104
sz.001308,sz.001308,1.9467999999999999,1.5668339971,4.4875,16.159000000000002
sh.601818,sh.601818,1.9435,115.21,36.217,0.0
sh.601766,sh.601766,1.9428,40.42289,7.510999999999999,23.814
sh.603529,sh.603529,1.9416,2.0445308654,4.0229,15.827399999999999
sh.600801,sh.600801,1.941,8.46630539,9.5029,30.8501
sh.600109,sh.600109,1.9343,7.013356002999999,28.8736,0.0
sz.003022,sz.003022,1.9261,1.8384941206,8.186599999999999,23.3034
sz.002939,sz.002939,1.9248999999999998,6.2565088284,48.9811,0.0
sz.002936,sz.002936,1.9234999999999998,10.84376,30.7981,0.0
sh.601211,sh.601211,1.916,67.04328679,41.3029,0.0
sh.601231,sh.601231,1.9033000000000002,4.1918619688,3.1401,9.458
sh.601686,sh.601686,1.8961,1.4406244438,1.3534,2.9144
sh.600958,sh.600958,1.8950000000000002,15.870195659,38.8007,0.0
sh.600739,sh.600739,1.8914,5.492440283600001,27.585900000000002,13.353599999999998
sh.601696,sh.601696,1.889,3.6155889348000003,39.245000000000005,0.0
sh.603225,sh.603225,1.8849,3.6774304117,2.0978,7.3039000000000005
sh.603806,sh.603806,1.8841,3.1053675625,9.207899999999999,13.825999999999999
sh.600480,sh.600480,1.8816,2.044090372,4.476,16.8967
sh.600737,sh.600737,1.8733,2.2412707454,5.2123,10.973700000000001
sh.600642,sh.600642,1.8714000000000002,10.7050679921,15.700800000000001,19.683899999999998
sh.600548,sh.600548,1.8686999999999998,5.554906681399999,31.5743,39.3763
sz.000088,sz.000088,1.8671,3.3885426267,175.0249,18.607499999999998
sz.300073,sz.300073,1.8669000000000002,3.0007390361,6.6306,15.463799999999999
sh.600928,sh.600928,1.8664,7.55906,26.1931,0.0
sz.002008,sz.002008,1.8659,4.3651967029000005,8.501100000000001,34.0154
sz.000581,sz.000581,1.8635,3.7370913593,12.4727,17.644199999999998
sz.002511,sz.002511,1.8632,1.037237603,4.7193,34.3693
sh.603202,sh.603202,1.8610000000000002,1.2657665839,15.747900000000001,32.584999999999994
sh.605507,sh.605507,1.8606,1.6012863356,10.5287,23.0636
sz.002422,sz.002422,1.857,4.72700274,11.0982,45.313700000000004
sh.600366,sh.600366,1.8538,1.1804521023,7.8782000000000005,22.398899999999998
sz.002807,sz.002807,1.8526999999999998,3.5929,29.481299999999997,0.0
sh.603515,sh.603515,1.8512,1.3180664865,8.8327,37.2747
sh.601607,sh.601607,1.851,18.5010590745,2.4582,10.753
sh.600025,sh.600025,1.8467999999999998,17.7124784469,30.7358,51.9886
sh.601555,sh.601555,1.8413,8.0652018726,39.3823,0.0
sh.600741,sh.600741,1.8394000000000001,14.0945198146,3.5076000000000005,12.1344
sh.601988,sh.601988,1.8365,609.59,34.084599999999995,0.0
sh.601127,sh.601127,1.8350000000000002,6.1054531693,2.3714,26.2383
sz.002841,sz.002841,1.8342,2.5276874725,4.0748,20.7548
sh.688271,sh.688271,1.8325,3.9244348372,13.497300000000001,47.1614
sz.002236,sz.002236,1.8318,7.1196320007,10.3148,43.7654
sz.002440,sz.002440,1.8314000000000001,1.8524561833000002,11.0118,22.6168
sh.600350,sh.600350,1.8314000000000001,10.2850434123,22.2036,38.1963
sz.000021,sz.000021,1.8307,2.8799757116,7.734000000000001,17.066200000000002
sz.001369,sz.001369,1.8262,1.2631507942,12.6916,20.829700000000003
sz.300726,sz.300726,1.8213,1.1379534048,31.047900000000002,60.002
sh.601808,sh.601808,1.8190000000000002,9.11484475,8.0689,18.421699999999998
sz.000811,sz.000811,1.8158,1.2315398271,7.5819,24.9379
sz.002625,sz.002625,1.8155999999999999,1.7615244931,33.7233,49.8536
sz.002498,sz.002498,1.8137,1.5912215525,6.2359,14.6567
sz.001965,sz.001965,1.8016,14.9688640666,42.0884,25.868000000000002
sz.002152,sz.002152,1.7961,2.4021978005,10.8595,31.5471
sh.600688,sh.600688,1.7792999999999999,4.16675,2.3592,20.8687
sh.600196,sh.600196,1.7792,10.796278541400001,10.7178,49.7009
sh.688729,sh.688729,1.7766,1.5934689878,15.363299999999999,40.023599999999995
sh.600867,sh.600867,1.7680999999999998,1.2139282332999999,16.2365,71.6238
sh.603228,sh.603228,1.7643,2.4301447056,6.244000000000001,18.7612
sz.300034,sz.300034,1.7638,1.0569749856,10.4628,26.595800000000004
sz.002978,sz.002978,1.7583000000000002,1.5301137527000002,30.504199999999997,60.9031
sz.000402,sz.000402,1.7529,3.3854901183,12.2501,31.0768
sh.601001,sh.601001,1.7528,4.5707174374,15.004100000000001,33.1198
sz.001391,sz.001391,1.7434,4.72218706,9.0463,12.2966
sh.688146,sh.688146,1.7419,1.0128684,14.4403,30.204700000000003
sz.001872,sz.001872,1.7418,22.095486739499997,50.1306,47.5293
sh.600717,sh.600717,1.7412,5.1975906529,19.747999999999998,38.940000000000005
sh.600490,sh.600490,1.737,1.1724374833,11.9673,24.488599999999998
sz.000922,sz.000922,1.7301,1.1143612709000001,9.1338,19.3472
sh.600460,sh.600460,1.7284000000000002,1.4805107894,4.207000000000001,19.7882
sh.600909,sh.600909,1.7267000000000001,4.4212986082,45.4768,0.0
sz.301238,sz.301238,1.7226000000000001,1.2948235017,19.131400000000003,9.145100000000001
sh.601985,sh.601985,1.7225000000000001,41.3946732376,21.8732,39.501799999999996
sz.000063,sz.000063,1.7215999999999998,13.1823,3.7677,28.276200000000003
sz.000949,sz.000949,1.7183,1.1599735286,5.2326,13.031899999999998
sz.002821,sz.002821,1.7103,3.0115574158999996,16.7137,43.0162
sz.000969,sz.000969,1.7013,1.1559733835,4.8111,17.1293
sz.000860,sz.000860,1.6998,1.172228187,4.8619,37.5531
sz.000729,sz.000729,1.6957,3.6418795008999996,8.8889,46.3208
sh.600582,sh.600582,1.6764000000000001,5.65665103,9.4576,29.1054
sh.688536,sh.688536,1.6763,1.054005096,15.0078,47.6561
sh.600378,sh.600378,1.6743999999999999,3.8232895400999998,9.0364,23.9676
sh.600621,sh.600621,1.6740000000000002,1.5527241308000002,24.6646,0.0
sh.601811,sh.601811,1.6691,2.672228972,10.7589,34.2138
sh.600016,sh.600016,1.6565,114.91,30.3818,0.0
sh.600021,sh.600021,1.6539000000000001,11.0616628425,11.1476,22.2376
sh.600502,sh.600502,1.6535000000000002,4.6376841489,2.8984,11.441600000000001
sh.603300,sh.603300,1.6496,1.0594235774,6.977,32.360699999999994
sh.601609,sh.601609,1.6487999999999998,1.7222820287,0.47219999999999995,2.1839
sz.300623,sz.300623,1.6480000000000001,1.0002247313,10.8748,27.787200000000002
sh.601619,sh.601619,1.6476000000000002,1.3265323223999999,22.331,53.813100000000006
sz.002594,sz.002594,1.6463999999999999,40.10931,2.6699,18.8062
sh.603014,sh.603014,1.6462999999999999,1.1830267370999998,13.082699999999999,38.9198
sz.300761,sz.300761,1.6462999999999999,1.5311300298,3.0712,11.3343
sh.605589,sh.605589,1.6461,1.8518887371000001,6.9338999999999995,26.2491
sh.600517,sh.600517,1.6435000000000002,5.2803259073,34.9864,11.4458
sh.603501,sh.603501,1.6421999999999999,4.9368057236,7.696899999999999,29.3806
sh.601598,sh.601598,1.6413,7.3390480925,3.4056999999999995,6.1591
sh.603087,sh.603087,1.6413,1.9246204171999999,21.9178,74.5588
sh.600352,sh.600352,1.6324,5.4914558071,15.1788,33.8509
sz.002179,sz.002179,1.6276,4.278923820299999,8.7822,27.996100000000002
sz.002600,sz.002600,1.6172,4.0080654978,3.1702,16.5434
sz.002221,sz.002221,1.6163,1.6384002996,2.6631,5.0137
sh.600063,sh.600063,1.6159,1.3585163006,6.9858,15.6257
sh.601108,sh.601108,1.614,6.1707983734,37.3684,0.0
sz.002461,sz.002461,1.6098999999999999,1.8188554609,14.005899999999999,49.6418
sh.600587,sh.600587,1.6098000000000001,1.2467160498999998,5.5313,24.6446
sh.601139,sh.601139,1.6074000000000002,2.9219243308999996,4.2902000000000005,16.311400000000003
sh.688388,sh.688388,1.6031,1.2274635951000001,3.5627,7.477200000000001
sz.300277,sz.300277,1.6024,1.344805395,10.3162,26.289800000000003
sh.600496,sh.600496,1.6016,1.5101043855,3.1174,11.752600000000001
sz.002171,sz.002171,1.5916,1.4171972135,0.7923,3.4958000000000005
sz.300058,sz.300058,1.5904999999999998,1.2595221934999998,0.6697,2.5919999999999996
sh.600057,sh.600057,1.5875,6.699475041,0.6759000000000001,3.0161000000000002
sh.601788,sh.601788,1.5854,11.7808158655,38.2044,0.0
sh.601728,sh.601728,1.5821,72.7275460717,5.5351,28.123700000000003
sh.601059,sh.601059,1.5796000000000001,4.569334751,41.834700000000005,0.0
sh.600583,sh.600583,1.5772000000000002,4.603728,9.2179,14.733099999999999
sz.000061,sz.000061,1.5744,1.6699770883,13.0183,25.7296
sz.002926,sz.002926,1.5741999999999998,3.9343676137,33.751999999999995,0.0
sz.000875,sz.000875,1.5737,4.1447241641,11.7912,24.3168
sh.601699,sh.601699,1.5692000000000002,6.881897240800001,9.4754,36.6618
sh.601311,sh.601311,1.5677,1.5830286944999998,4.1097,16.7655
sh.603393,sh.603393,1.5615,1.4050753578,15.394,39.2883
sh.600143,sh.600143,1.5569,2.1390749778,1.3721,13.256699999999999
sh.601158,sh.601158,1.5547,2.7156949463999998,16.0748,29.881
sh.603599,sh.603599,1.5499,1.5732694962,17.2561,34.9758
sh.601163,sh.601163,1.5497,2.1771427706999997,8.8155,20.0835
sh.600633,sh.600633,1.5495999999999999,1.531365046,17.5255,38.3993
sz.002399,sz.002399,1.5495,1.8737212153999998,14.0792,34.1539
sz.002736,sz.002736,1.5494,21.0446348503,42.7646,0.0
sh.600299,sh.600299,1.547,3.05796901,6.9454,25.3182
sz.000563,sz.000563,1.5455999999999999,2.9006443269,67.5396,0.0
sh.603693,sh.603693,1.5364,1.2667497992,24.945700000000002,52.71789999999999
sz.000028,sz.000028,1.5328,3.0516096377,1.7121000000000002,9.9591
sh.600056,sh.600056,1.5276,2.3713951853,2.8958999999999997,10.6098
sz.000411,sz.000411,1.5254,1.0315704206999998,1.2002000000000002,6.3271
sz.300999,sz.300999,1.5251000000000001,15.48681,2.3633,6.772
sz.000157,sz.000157,1.5244,9.1772622512,7.0855,27.6926
sz.002984,sz.002984,1.5174999999999998,2.0971576145,10.071299999999999,20.204
sz.300003,sz.300003,1.5163,2.2319338663,13.3484,62.0344
sz.002851,sz.002851,1.5103,1.2847175301,4.6084,21.5652
sh.603299,sh.603299,1.5091999999999999,1.143910605,9.9082,29.895300000000002
sh.601816,sh.601816,1.5054,31.9027054111,30.212699999999998,45.8189
sz.002250,sz.002250,1.5039,1.4063884978,7.1655999999999995,30.162499999999998
sh.688187,sh.688187,1.5028,6.72391545,13.179599999999999,33.3088
sz.002004,sz.002004,1.5021,2.4091263134,8.5469,35.8703
sh.600930,sh.600930,1.5002,23.3351717,22.0403,40.8081
sh.601179,sh.601179,1.4961,4.4403740787,8.0565,23.3521
sz.001227,sz.001227,1.4941,5.4794113224,26.951999999999998,0.0
sz.000617,sz.000617,1.4909999999999999,31.3468431431,1283.7116999999998,57.2356
sh.600884,sh.600884,1.4888000000000001,3.4663144481,6.4428,18.8551
sz.300115,sz.300115,1.4872,1.2654047003,2.4663,18.5425
sh.600667,sh.600667,1.4862,1.6335577209999999,2.4536,6.9006
sz.002683,sz.002683,1.4732,1.9255525200999999,4.4343,17.5368
sz.002010,sz.002010,1.472,2.8666371327999998,7.251399999999999,22.711100000000002
sz.000030,sz.000030,1.4711999999999998,1.4338412603,3.8218,10.7752
sz.000950,sz.000950,1.4690999999999999,1.9836590538999999,0.9708,6.8534999999999995
sz.002541,sz.002541,1.468,1.4818133244,2.8266,9.8508
sh.600575,sh.600575,1.4623000000000002,4.407758773299999,4.522,9.495099999999999
sh.600927,sh.600927,1.4548,1.9398646511000002,44.3527,0.0
sh.600482,sh.600482,1.4538,11.7211499807,9.114600000000001,18.9074
sz.002258,sz.002258,1.4477,1.3633803869,5.8958,18.270500000000002
sh.601006,sh.601006,1.4428,25.84549393,13.9178,14.5222
sh.601567,sh.601567,1.4412,1.622948052,5.0135,25.021500000000003
sh.601018,sh.601018,1.438,13.11815,16.0157,27.8839
sz.002624,sz.002624,1.4324,1.0153690725,8.669699999999999,66.71470000000001
sh.688396,sh.688396,1.4307999999999998,3.0199547767,10.5696,25.485000000000003
sz.000869,sz.000869,1.4255,1.50522175,17.1413,57.0805
sz.000728,sz.000728,1.4077,5.4212453483,40.8382,0.0
sh.688428,sh.688428,1.4042000000000001,1.0244640934,19.3798,88.13499999999999
sh.600269,sh.600269,1.4008,3.1502732608999997,21.0364,50.0058
sh.600570,sh.600570,1.4002000000000001,1.6523358841999998,18.2514,67.9572
sz.002226,sz.002226,1.3948,1.741911257,7.9826999999999995,25.5486
sh.600258,sh.600258,1.3911,1.9298486019999999,10.8603,38.209900000000005
sh.600008,sh.600008,1.3881,6.0449783187,14.414,37.8311
sz.002251,sz.002251,1.3814,1.2286508822,9.367799999999999,34.443
sz.300142,sz.300142,1.3809,1.1441386969,25.7777,68.46640000000001
sz.002061,sz.002061,1.3707,1.9866602216,2.4306,7.6137
sz.002500,sz.002500,1.369,2.57987343,32.988,0.0
sz.002241,sz.002241,1.3635,5.2246528382,2.8001,13.7665
sz.002237,sz.002237,1.3629,1.7970891065,0.5467,3.0432
sh.600348,sh.600348,1.3626,6.1898001521,12.5664,41.3123
sz.301301,sz.301301,1.3606,1.1001778581000001,10.0519,23.557100000000002
sh.600406,sh.600406,1.3591,7.4505046084,7.79,25.095299999999998
sz.002432,sz.002432,1.3511,3.0445720799,100.9866,68.99889999999999
sz.000883,sz.000883,1.3494000000000002,6.055180697999999,13.788400000000001,26.099899999999998
sh.600009,sh.600009,1.349,6.4193843809,20.072499999999998,24.9346
sh.600475,sh.600475,1.3487,1.6765260419999999,9.1165,23.2639
sh.603305,sh.603305,1.3456,1.2517008708,10.2713,22.9084
sz.002938,sz.002938,1.3454000000000002,4.455753628,5.5796,22.9485
sh.600061,sh.600061,1.3433000000000002,5.6334012111,3297.2354000000005,67.83940000000001
sh.601200,sh.601200,1.337,1.8838271985,14.8584,30.6285
sz.300182,sz.300182,1.3353,1.1284095548,19.805500000000002,34.9974
sh.601866,sh.601866,1.3346,4.1788036252,6.9811,14.2979
sz.002096,sz.002096,1.3341,1.1605971025,6.2934,18.3814
sz.300409,sz.300409,1.3306,1.2030713619,5.3836,23.4114
sh.688425,sh.688425,1.3271,2.4837996762,11.3429,26.388499999999997
sh.688820,sh.688820,1.3245,1.9132845033,11.2654,29.5945
sh.601136,sh.601136,1.3153,1.9657230376,34.7622,0.0
sz.300136,sz.300136,1.3149,1.0488914024,5.2649,21.7664
sh.601800,sh.601800,1.3141,53.2269907,3.4132000000000002,10.159600000000001
sz.001386,sz.001386,1.3136,1.5961381884999999,15.8552,33.9953
sz.000900,sz.000900,1.3119,2.1961581141,10.1605,25.4255
sh.600982,sh.600982,1.3084,1.0141193513,9.4774,20.419
sz.000990,sz.000990,1.3064,2.8086334049,9.9048,18.8199
sz.000599,sz.000599,1.3037999999999998,3.6123829527999995,5.4492,23.5594
sz.002091,sz.002091,1.2935,3.6390863069,3.7698,13.2856
sh.601186,sh.601186,1.2735,49.0054,2.1161,7.8553999999999995
sz.002081,sz.002081,1.2719,1.8116404644,4.4064,13.031699999999999
sh.601377,sh.601377,1.2675,10.273912770499999,38.556400000000004,0.0
sh.600925,sh.600925,1.2663,2.3062178093,6.5486,25.379800000000003
sh.600835,sh.600835,1.2654999999999998,2.9372473651999997,6.8958,16.147
sz.001280,sz.001280,1.2621,2.3569649941,6.611599999999999,17.525
sz.000725,sz.000725,1.2619,17.09087317,3.3510999999999997,15.5957
sh.601678,sh.601678,1.2619,1.5399264915000002,3.9258,12.807599999999999
sh.600050,sh.600050,1.2596,48.57160535,4.723800000000001,23.727899999999998
sh.688349,sh.688349,1.2588,1.79375,4.5015,11.6637
sh.601990,sh.601990,1.2559,2.9485366277,40.7764,0.0
sh.600015,sh.600015,1.2513,51.2,20.7944,0.0
sh.603160,sh.603160,1.2499,1.1718942527,12.0922,40.8903
sh.600759,sh.600759,1.2497,1.2709028464,18.4205,64.84490000000001
sz.002429,sz.002429,1.2470999999999999,2.467871399,5.9038,13.971900000000002
sz.000661,sz.000661,1.2451999999999999,2.7050018225,10.4551,77.955
sh.600673,sh.600673,1.2432,1.3759406263,3.2384999999999997,19.2019
sz.000967,sz.000967,1.2397,2.2002354793,5.6107,22.3831
sh.600023,sh.600023,1.2327,7.3332578348,4.6821,5.4498999999999995
sz.002643,sz.002643,1.2295,1.1451951040000001,11.2797,35.942800000000005
sz.002233,sz.002233,1.2148,1.4862565816,17.8981,26.6814
sh.601611,sh.601611,1.2061,6.939358696499999,3.0162,9.3637
sh.600619,sh.600619,1.1782000000000001,1.1051186858,1.6235,13.1329
sh.600985,sh.600985,1.1766999999999999,3.5429470530000002,3.4824,16.9548
sh.600369,sh.600369,1.1743999999999999,3.1034348567000003,39.2219,0.0
sh.601868,sh.601868,1.1737,23.06513,2.2609,10.796999999999999
sh.601390,sh.601390,1.1696,49.06487,2.0879000000000003,7.928399999999999
sh.600905,sh.600905,1.1662000000000001,12.6490280717,18.205199999999998,39.658300000000004
sh.601375,sh.601375,1.1657000000000002,1.7300389644999998,32.183499999999995,0.0
sh.600967,sh.600967,1.1645,1.368090188,5.2591,10.2992
sz.000582,sz.000582,1.1619000000000002,2.6629635835,15.4301,30.485699999999998
sz.002423,sz.002423,1.1586,3.6334361967,724.6388999999999,19.178700000000003
sh.601669,sh.601669,1.158,26.560518151799997,1.8308000000000002,10.1764
sh.688563,sh.688563,1.1539000000000001,1.2031239245999998,18.2839,25.5145
sz.300017,sz.300017,1.1536,1.2078749624,10.8264,37.0828
sh.601016,sh.601016,1.1472,2.0904860491,18.634,41.5409
sh.600528,sh.600528,1.1451,3.0922184297000004,4.7726,16.789299999999997
sh.600153,sh.600153,1.1426,6.909319298200001,0.49300000000000005,4.2319
sz.000750,sz.000750,1.1315,2.7307280057999996,27.960600000000003,0.0
sz.002797,sz.002797,1.1280999999999999,2.1440399275999997,25.3074,0.0
sz.000501,sz.000501,1.1244,1.233696264,6.9762,47.301300000000005
sh.600765,sh.600765,1.1078,2.9109707351,11.855400000000001,31.695099999999996
sz.000768,sz.000768,1.1007,2.4622562623,3.5164,8.7559
sh.600141,sh.600141,1.0915,3.3544179529,4.5015,13.6701
sh.601228,sh.601228,1.0887,2.9742133283,9.870800000000001,24.2718
sh.600335,sh.600335,1.0836999999999999,1.3157972862,1.9097,10.4514
sh.600019,sh.600019,1.0734000000000001,25.1657089083,3.2657,6.622
sh.601633,sh.601633,1.0718,9.454583058099999,2.0959,18.451999999999998
sh.600161,sh.600161,1.0668,1.7909325865999999,15.6865,34.591100000000004
sz.301039,sz.301039,1.0667,1.6571630734,3.5678,15.026100000000001
sh.600507,sh.600507,1.0571000000000002,1.0845556359,2.7117,8.415799999999999
sh.601198,sh.601198,1.0536999999999999,3.5328912088999997,38.6933,0.0
sz.002758,sz.002758,1.0477999999999998,1.2262919096,0.947,4.0789
sh.601618,sh.601618,1.0431,19.736,2.1405,8.6008
sh.688009,sh.688009,1.0405,6.1596176826999995,9.5282,27.424599999999998
sz.000507,sz.000507,1.0379,1.0309338848,9.7094,26.1691
sz.000035,sz.000035,1.0227,1.2106686684999999,10.4183,36.586200000000005
sz.002812,sz.002812,1.0199,2.9547972883,7.5615000000000006,28.0919
sh.603019,sh.603019,1.0174,1.9195798315000001,5.9998000000000005,26.5575
sh.600273,sh.600273,1.0162,1.0352657792,3.9242,10.889
sh.600584,sh.600584,1.0107,2.7888151487,3.0408999999999997,14.5484
sz.000738,sz.000738,1.0104,1.2792266546,9.4825,23.8577
sh.600104,sh.600104,1.0098,43.451334398,3.1368,12.8279
sh.600420,sh.600420,0.9994,1.9213935379,9.307699999999999,30.1986
sz.300244,sz.300244,0.9927,1.0421598789,4.6381,29.4732
sz.000065,sz.000065,0.991,1.2040148759,5.1199,17.1802
sh.601212,sh.601212,0.9863999999999999,4.578048698,2.3379,10.1947
sh.600256,sh.600256,0.9722,2.0227999666,2.9491,17.763399999999997
sz.002252,sz.002252,0.9721000000000001,3.1583377134,20.9232,37.5424
sh.600742,sh.600742,0.9661,1.2480043298999999,3.1937,10.7045
sh.603077,sh.603077,0.9649,1.722846168,12.414200000000001,24.3651
sh.600918,sh.600918,0.9467,5.5673984144,17.921100000000003,0.0
sz.002312,sz.002312,0.9387,1.0295874972,3.5904,12.244399999999999
sz.002673,sz.002673,0.9379000000000001,2.8912654042000003,20.2984,0.0
sh.601456,sh.601456,0.9374,5.0005673861,26.9381,0.0
sh.688065,sh.688065,0.9317000000000001,1.6437372534,18.7957,36.04
sz.300842,sz.300842,0.9119999999999999,1.4499203705,2.2079,11.174900000000001
sz.000400,sz.000400,0.9093,1.265647315,5.3229,19.0118
sz.302132,sz.302132,0.9042,1.8069416918999999,3.0389,9.706299999999999
sh.601921,sh.601921,0.9020999999999999,1.3087153712000001,5.3416,21.667
sz.000719,sz.000719,0.9020999999999999,1.2065302303,6.4314,34.618700000000004
sh.601880,sh.601880,0.8862,4.210443046,16.159399999999998,29.2716
sh.600120,sh.600120,0.8756999999999999,1.6424094179,67.9818,64.4575
sz.002145,sz.002145,0.8606,1.0452075765,4.7913,13.1109
sh.601399,sh.601399,0.8548999999999999,1.3494194743,3.7624999999999997,12.4552
sh.600754,sh.600754,0.8523,1.5080887177000002,4.8326,33.449600000000004
sz.300413,sz.300413,0.8495,1.9942554766999998,6.465400000000001,23.3116
sh.603833,sh.603833,0.8212,1.5584204199,5.8735,35.0711
sz.002601,sz.002601,0.8179000000000001,2.1017941903999997,2.938,14.748800000000001
sh.600266,sh.600266,0.7997000000000001,1.4341050162,1.8369,17.4104
sh.600004,sh.600004,0.7946,1.8501537229,9.3585,20.201900000000002
sh.600663,sh.600663,0.7916,2.4371407595,10.9445,42.2211
sh.600339,sh.600339,0.7852,2.1241129756,1.2593,9.0028
sz.002060,sz.002060,0.7741,1.2457535978,0.8924,7.860499999999999
sh.601512,sh.601512,0.7725,1.6631944269,32.285399999999996,43.7438
sh.601236,sh.601236,0.7714000000000001,1.9486492177,43.925599999999996,0.0
sh.688082,sh.688082,0.7693,1.0421898442,7.0588,45.638
sz.000591,sz.000591,0.7664,1.8421594815,17.3602,42.9097
sh.600585,sh.600585,0.76,14.41897764,8.448799999999999,21.2583
sh.600208,sh.600208,0.7568,2.974068698,174.2845,12.9867
sh.600755,sh.600755,0.7528,2.7564669027999997,0.3172,3.8150999999999997
sh.600623,sh.600623,0.7474,1.6923814707,1.4626000000000001,8.3999
sz.000156,sz.000156,0.7446999999999999,1.1196684071,5.556500000000001,29.5897
sz.000778,sz.000778,0.7439,2.1364940584,2.1632,6.3755999999999995
sh.600873,sh.600873,0.7198,1.1792096407,1.9701,9.528699999999999
sh.600820,sh.600820,0.6986,2.8552096093,3.6006000000000005,15.4815
sh.600760,sh.600760,0.697,1.6532167744,6.3301,10.5808
sh.601727,sh.601727,0.6943,6.45336,2.6675999999999997,18.3567
sh.600390,sh.600390,0.673,3.5157047504000003,118.2019,6.0806
sh.600839,sh.600839,0.6396999999999999,2.8301415224,1.0376,8.4223
sz.001213,sz.001213,0.6348999999999999,1.2182065567,5.2503,8.776100000000001
sz.000498,sz.000498,0.6316,2.7584842125,3.108,12.4775
sh.600777,sh.600777,0.6302,1.4274754763,9.4079,30.4726
sh.600373,sh.600373,0.6093000000000001,1.0404288677,7.3932,36.3834
sz.000937,sz.000937,0.5798,1.8258875646000001,5.138,29.5114
sh.600635,sh.600635,0.5718,1.0524661377,5.055400000000001,14.179
sz.000709,sz.000709,0.5438000000000001,3.9155902179,1.2510000000000001,9.5638
sh.600248,sh.600248,0.536,1.677906156,0.8103000000000001,11.0919
sz.002396,sz.002396,0.5321,1.0464672869,2.6804,31.9208
sh.600787,sh.600787,0.525,1.0627024783,0.5956,2.8888000000000003
sh.600655,sh.600655,0.5234,1.8926462447999999,1.9616000000000002,17.98
sh.601155,sh.601155,0.5047,2.79260614,3.8164999999999996,38.028600000000004
sh.600848,sh.600848,0.5011,1.3372815302,9.506499999999999,47.4653
sh.601666,sh.601666,0.4829,1.7269764064,2.7247,15.1925
sh.600048,sh.600048,0.47450000000000003,11.911875724200002,2.6048,13.497
sh.600372,sh.600372,0.47450000000000003,2.3001309547999997,4.9549,25.9635
sh.600515,sh.600515,0.4704,1.4436176991999998,8.2829,32.0043
sz.300207,sz.300207,0.46430000000000005,1.6100774780000002,0.9991,17.9599
sz.000625,sz.000625,0.4536,2.1951675838,0.6712,14.0758
sz.000537,sz.000537,0.4477,1.3272027234000001,11.274199999999999,36.9309
sz.000039,sz.000039,0.4132,4.12222,1.262,11.541
sz.000800,sz.000800,0.3751,1.1553392058,0.6153,5.2869
sh.601360,sh.601360,0.373,1.05655,5.254099999999999,70.7011
sz.000932,sz.000932,0.3545,3.6809626333999996,1.2578,5.8228
sz.000959,sz.000959,0.3461,1.5455426265999999,0.6163,4.6411
sz.300347,sz.300347,0.2342,3.3008364562,18.323,26.6389
sz.000009,sz.000009,0.1743,2.6231287135,4.5049,25.001800000000003
sz.001979,sz.001979,0.0401,2.0584706023,0.8697999999999999,10.1941
